⑮⑴⑯②⑥	abbots
⒁⑴⒀⑥⒀	abc
⑯⑴⑪⒁⑹	ablaze
⑯⑴⑲⑿⑵	abound
⑯⑴⑾⒇⑵	abroad
⑯⑴⑥⒉⑴	absorb
⑯⑴⑥⒋⑵	absurd
⑯⑴⒏⑹⑵	abused
⑯③⑥⒀⑵	accede
⑮③⑥⑭⑥	access
⑯③⑪⒁⑫	acclaim
⑯③⒉⑵⑹	accords
⑯③⑲⑿②	account
⑯③⑾⒅⑵	accrued
⑯③⒏⑹⑵	accused
⑯⑧⒀⑷⑵	achieved
⑯⑧⒀⑷⑹	achieves
⑮⑥⑬⑵⑹	acids
⑯③⑼⒂⒌	acquire
⒁③⒌⑬⑻	acreage
⑮③⑾⑬⑵	acrid
⑯③⑾⑰⑥	across
⑮③②⑯⑵	acted
⑮③②⑬⑩	acting
⑮③⑦⑯⑿	action
⑮③②⑬⑷	active
⑮③②⒌⑹	actors
⑯⑵⑮①②	adapt
⑮⑵⑬③②	addict
⑯⑵⑾⑭⑥	address
⑯⑵⒏⑥②	adduced
⑯⑵⑭①②	adept
⑯⑵⑽⒍⑵	adhered
⑯⑻⒋⑿⑵	adjourned
⑯⑻⒃⑥②	adjust
⑮⑵⑫⑬⑿	admin
⑯⑵⑫⒂⒌	admire
⑯⑵⑫⑬②	admit
⑯⑵⑰①②	adopt
⑯⑵⒉⑿⑵	adorned
⑮⑵⒃⑪②	adult
⑮⑵⑷⒋⑴	adverb
⑮⑵⑷⒋⑥	adverse
⑮⑵⑷⒋②	advert
⑯⑵⑷⒂⑥	advice
⑯⑵⑷⒂⑹	advise
⒊⒁⑦⑯⑿	aeration
⒊⑯⑥⑰⑪	aerosol
⑯④⑭③②	affect
⑯④⒋⑫⑵	affirmed
⑯④⒋⑫⑹	affirms
⑯④⒉⑵⑹	affords
⑮④⑶⑮⑿	afghan
⑯④⒀⑪⑵	afield
⑯④⑪⒄②	afloat
⑯④⑾⒁⑵	afraid
⑯④⑾⑭⑦	afresh
⒁⑻⑯⑿②	agent
⑯⑶⑳⑥②	aghast
⑮⑶⑯⑿⑬	agony
⑯⑶⑾⒀⑵	agreed
⑯⑶⑾⒀⑹	agrees
⒁⑫⑪⑯⑥	aimless
⒊④⒀⑪⑵	airfield
⒊④⑾⒁⑫	airframe
⒊⑪⑬④②	airlift
⒊⑪⒂⑿⒌	airliner
⒊⑪⒂⑿⑹	airlines
⒊①⑪⒁⑿	airplane
⒊①⒉②⑥	airports
⒊⑥①⒁⑥	airspace
⒊⑼⒁⑷⑹	airwaves
⒊⑼⒋⑸⑬	airworthy
⑯⑪⒈⑫⑵	alarmed
⑯⑪⒈⑫⑹	alarms
⑮⑪⑴⑯⑫	album
⑮⑪③⒄⑷	alcove
⑮⑪⑬⑴⒂	alibi
⒁⑪⒎⑿⑹	aliens
⑯⑪⒂⑿⑵	aligned
⑯⑪⑭⑻⑵	alleged
⑮⑪⒌⑻⑬	allergy
⑮⑪⑬⑼⒁	alleyway
⑯⑪⑲⑬⑩	allowing
⑳⑫⑯⑿⑵	almond
⑯⑪⑰④②	aloft
⑮⑪①⒂⑿	alpine
⒇⑪⑾⒂②	alright
⒇⑪②⒌⑹	alters
⒇⑪②⒌⑵	altered
⒇⑪⑼⒁⑹	always
⑯⑫⑮⑥②	amassed
⑮⑫⑯⑧⒌	amateur
⑯⑫⒁⑹⑵	amazed
⑮⑫⑴⑬②	ambit
⑮⑫⑴⑱⑦	ambush
⑯⑫⑭⑿⑵	amend
⑯⑫⒀⑿⒄	amino
⑯⑫⒄⑿⒎	ammonia
⑮⑫⒌⑯⑥	amorous
⑯⑫⑲⑿②	amount
⑮⑫①⑯⑪	ample
⑮⑫①⑪⑬	amply
⑯⑫⒏⑹⑵	amused
⑯⑿⒀⑫⒎	anaemia
⑮⑿⒌③⑬	anarchy
⑮⑩③⒌⑵	anchored
⑮⑩③⒌⑹	anchors
⒁⑿⑻⑯⑪	angel
⑮⑩⑶⒌⑵	angered
⑮⑩⑶⑯⑪	angle
⑮⑩⑶⑪⒌	angler
⑮⑩⑶⑾⑬	angry
⑮⑩③⑯⑪	ankle
⑮⑿⑯⑪⑹	annals
⑮⑿⑭③⑥	annexe
⑯⑿⑲⑿⑥	announce
⑯⑿⒆⑬⑩	annoying
⑯⑿⒃⑪⑵	annulled
⑮⑿⒌⑮③	anorak
⑯⑿⒃⑸⒌	another
⑳⑿⑥⒌⑵	answered
⑳⑿⑥⒌⑹	answers
⑮⑿②⒍⒍	anterior
⑮⑿⑤⑯⑫	anthem
⑮⑿②⒀③	antique
⑮⑿⑷⑬⑪	anvil
⑭⑿⑬⑽⑲	anyhow
⑭⑿⑬⑫⒉	anymore
⑭⑿⑬⑼⒁	anyway
⑭⑿⑬⑼⒊	anywhere
⑯①⑮⑧⑬	apache
⑮①⑯⑤⑬	apathy
⑮①⒌⑧⒌	aperture
⒁①⑭③⑥	apex
⑯④⒁⑺⑯	aphasia
⒁④⑬⑵⑹	aphids
⑯①⑪⑰⑫	aplomb
⑯①⒇⑪⑵	appalled
⑯①⒀⑪⑵	appealed
⑯①⒀⑪⑹	appeals
⑯①⒍⑬⑩	appearing
⑯①⑭⑿⑵	append
⑯①⑪⒇⑵	applaud
⑯①⑪⒇⑹	applause
⑮①⑯⑪⑹	apples
⑯①⑪⒂⑵	applied
⑯①⑪⒂⑹	applies
⑯①⒆⑿②	appoint
⑯①⑾⒁⑹	appraise
⑯①⑾⒄⑧	approach
⑯①⑾⒅⑷	approve
⒁①⑾⑯⑪	apr
⒁①⑾⑯⑿	apron
⑮①②⑪⑬	aptly
⒁③⑼⒎⑥	aqueous
⒌⒁⑴⒎⑿	arabian
⑮⑾⑯⑴⑹	arabs
⒈⑴⑬②⒌	arbiter
⒈③⒁⑵⑹	arcades
⒈③⒁⑬③	archaic
⒈③⒂⑷⑹	archives
⒈⑧⑼⒁⑹	archways
⒈③②⑬③	arctic
⒈⑵⑯⑿②	ardent
⒈⑻⑱⑯⑥	arduous
⒌⒀⑿⑯⑹	arenas
⒈⑶⒏⑬⑩	arguing
⒌⑬⑹⑯⑿	arisen
⒌⒂⑹⑯⑹	arises
⒌⒂⑹⑬⑩	arising
⒈⑫⑧⒊⑹	armchairs
⒈⑫④⑱⑪	armful
⒈⑫①⑬②	armpit
⒌⒄⑫⑯⑹	aromas
⒌⑲⑹⑯⑪	arousal
⒌⑲⑹⑬⑩	arousing
⒌⒁⑿⑻⑵	arranged
⒌⑭⑥②⑥	arrests
⒌⒂⑷⑯⑪	arrival
⒌⒂⑷⑬⑩	arriving
⒈⑥⑽⒄⑪	arsehole
⒈②⒍⒎⑪	arterial
⒈②⒌⑬⑹	arteries
⒈②④⑯⑪	artful
⒈②⑬⑥②	artist
⒈②⑼⒋③	artwork
⑯⑥⑭⑿⑵	ascend
⑯⑥⑭⑿②	ascent
⑯⑦⒁⑫⑵	ashamed
⑮⑦②⑾⒁	ashtray
⒁⑺⑯⑿⑹	asians
⑯⑥⒂⑵⑹	asides
⑳⑥③⑬⑩	asking
⑯⑥⑪⒀①	asleep
⑯⑥①⒂⒌	aspire
⑯⑥⒁⑪⑵	assailed
⑯⑥⒇⑪②	assault
⑯⑥⒋②⑥	asserts
⑯⑥⑭⑥②	assessed
⑯⑥⑭⑥⒌	assessor
⑮⑥⑭②⑥	assets
⑯⑥⒂⑿⑵	assigned
⑯⑥⒂⑿⑹	assigns
⑯⑥⑬⑥②	assist
⑯⑥⑼⒁⑻	assuage
⑯⑥⒏⑫⑵	assumed
⑯⑥⒏⑫⑹	assumes
⑯⑦⑱⒌⑵	assured
⑯⑦⑱⒌⑹	assures
⑯⑥②⒋⑿	astern
⑯⑥②⑾⒁	astray
⑯⑥②⒏②	astute
⑮⑤⑪⒀②	athlete
⑮②⑪⑯⑥	atlas
⑮②⑯⑫⑹	atoms
⑯②⑮⑧②	attached
⑯②⑮③②	attacked
⑯②⑮③⒌	attacker
⑯②⑮③⑥	attacks
⑯②⒁⑿⑵	attained
⑯②⒁⑿⑹	attains
⑯②⑭⑿⑵	attend
⑮②⑬③⑥	attics
⑯②⒋⑿⑬	attorney
⒇③⑦⑯⑿	auction
⒇⑵⑬②⒌	auditor
⒇⑵⑬②⑥	audits
⒇⑶⒃⑥②	august
⒇⑤⒌⒂⑹	authorise
⑯⑷⑭⑿⑻	avenge
⑮⑷⑯⑿⒏	avenue
⑮⑷⒌⑬⑻	average
⑯⑷⒆⑵⑹	avoids
⑯⑼⒁②⑥	awaits
⑯⑼⒉⑵⑹	awards
⒇④⑯⑪⑬	awfully
⒇③⑼⒌⑵	awkward
⒇⑿⑬⑩⑹	awnings
⑮③⑥⑯⑹	axes
⑮③⑥⒀⑹	axes
⑮③⑥⒎⑫	axiom
⑮③⑥⑬⑥	axis
⑮③⑥⑯⑪	axle
⑴⑮⑴⑯⑪	babble
⑴⒁⑴⑬⑹	babies
⑴⑯⑴⒅⑿	baboon
⑴⑮③⒁③	backache
⑴⑮③⒌⑹	backers
⑴⑮③⑬⑩	backing
⑴⑮③⒃①	backup
⑴⒁③⑯⑿	bacon
⑴⑮⑻⒌⑹	badgers
⑴⑮⑻⑯⑹	badges
⑴⑮⑵⑪⑬	badly
⑴⑮⑶⑬⑻	baggage
⑴⒁⑪⑬④	bailiff
⑴⒁③⒌⑹	bakers
⑴⒁③⒌⑬	bakery
⑴⒁③⑬⑩	baking
⑴⑮⑪⑯⑵	ballad
⑴⑮⑪⒁⑹	ballets
⑴⑯⑪⒅⑿	balloon
⑴⑮⑪⑯②	ballot
⑴⑮⑫⑴⒅	bamboo
⑴⑯⑿⑳⑪	banal
⑴⑮⑿⑵⑹	bands
⑴⑮⑩⑬⑩	banging
⑴⑮⑿⑬⑦	banish
⑴⑮⑩③②	banked
⑴⑮⑩③⒌	banker
⑴⑮⑩③⑥	banks
⑴⑮⑿⒌⑹	banners
⑴⑮⑿⑬⑩	banning
⑴⑮⑿②⒌	banter
⑴⒈⑴⑯⑪	barbel
⑴⒊④⑱②	barefoot
⑴⒊⑯⑥②	barest
⑴⒈⑶⑬⑿	bargain
⑴⒈⑻⑯⑹	barges
⑴⒈③⑬⑩	barking
⑴⒈⑫⒁⑵	barmaid
⑴⒈⑫⑯⑿	barman
⑴⑮⑾⑯⑿	barren
⑴⑮⑾⑯③	barrack
⑴⑮⑾⑳⑺	barrage
⑴⑮⑾⑯⑪	barrel
⑴⑮⑾⒍⑹	barriers
⑴⑮⑾⒄⑹	barrows
⑴⒁⑥⑯⑹	bases
⑴⒁⑥⒀⑹	bases
⑴⑮⑦⑬⑩	bashing
⑴⒁⑥⑬③	basic
⑴⑮⑹⑯⑪	basil
⑴⒁⑥⑯⑿	basin
⑴⒁⑥⑬⑩	basing
⑴⒁⑥⑬⑥	basis
⑴⑯⑥⒅⑿	bassoon
⑴⑮⑧⑯⑹	batches
⑴⑳⑤⑬⑩	bathing
⑴⒁⑸⑬⑩	bathing
⑴⑮②⑯⑿	baton
⑴⑮②⑯⑵	batted
⑴⑮②⒌⑵	battered
⑴⑮②⒌⑬	battery
⑴⑮②⑬⑩	batting
⑴⑮②⑯⑪	battle
⑴⒀⑧⑯⑹	beaches
⑴⒀③⑯⑿	beacon
⑴⒀⑵⑯⑪	beadle
⑴⒀③⒌⑹	beakers
⑴⒀⑫⑬⑩	beaming
⑴⒍⑵⑯⑵	bearded
⑴⒊⑬⑩⑹	bearings
⑴⒀⑥②⑥	beasts
⑴⒀②⑯⑿	beaten
⑴⒀②⒌⑹	beaters
⑴⒀②⑬⑩	beating
⑴⒏②⑬⑹	beauties
⑴⑬③⒁⑫	became
⑴⑬③⑰⑹	because
⑴⑬③⒃⑫	become
⑴⑭⑵⑬⑩	bedding
⑴⒀⑽⒂⑷	beehive
⑴⒀②⑯⑪	beetle
⑴⑬④⒇⑪	befall
⑴⑬④⑭⑪	befell
⑴⑬⑶⑮⑿	began
⑴⑭⑶⒌⑹	beggars
⑴⑭⑶⑬⑩	begging
⑴⑬⑶⑬⑿	begin
⑴⑬⑶⒃⑿	begun
⑴⑬⑽⑳④	behalf
⑴⑬⑽⒁⑷	behave
⑴⒀⑬⑩⑹	beings
⑴⑬⑪⒂⑵	belied
⑴⑬⑪⒀④	belief
⑴⑬⑪⒂⑹	belies
⑴⑬⑪⒀⑷	believe
⑴⑭⑪⑬⑹	bellies
⑴⑭⑪⒄⑵	bellowed
⑴⑭⑪⒄⑹	bellows
⑴⑬⑪⑰⑩	belong
⑴⑭⑪②⑥	belts
⑴⑭⑿⑵⑹	bends
⑴⑬⑿⒀⑤	beneath
⑴⑬⑿⒂⑿	benign
⑴⑭⑾⑬⑹	berries
⑴⑬⑥⑭②	beset
⑴⑬⑥⒂⑵	beside
⑴⑬⑥②⒄	bestow
⑴⑬②⑾⒁	betray
⑴⑭②⒌⑹	betters
⑴⑭②⑬⑩	betting
⑴⒂⑯⑥②	biased
⑴⒂⑴⑯⑪	bible
⑴⑬⑵⒌⑹	bidders
⑴⑬⑵⑬⑩	bidding
⑴⑬⑪⑯②	billet
⑴⒂⑿⒌⑬	binary
⑴⒂⑿⑵⒌	binder
⑴⒂⑿⑵⑹	binds
⑴⑬⑩⑶⒄	bingo
⑴⒋⑤⑵⒁	birthday
⑴⑬⑦⑯①	bishop
⑴⒂②⑬⑩	biting
⑴⑬②⑯⑿	bitten
⑴⑪⑮③⒌	blacker
⑴⑪⑮③⑥	blacks
⑴⑪⑮⑵⒌	bladder
⑴⑪⒁⑵⑹	blades
⑴⑪⒁⑫⑵	blamed
⑴⑪⒁⑫⑹	blames
⑴⑪⑮⑿⑵	bland
⑴⑪⑮⑩③	blank
⑴⑪⑳⑥②	blast
⑴⑪⒁⑹⑵	blazed
⑴⑪⒁⑹⒌	blazer
⑴⑪⒀⑧②	bleached
⑴⑪⑭⑿⑵	blend
⑴⑪⑭⑥②	blessed
⑴⑪⒂⑫⑬	blimey
⑴⑪⒂⑿⑵	blind
⑴⑪⑬⑩③	blink
⑴⑪⑬②⑥	blitz
⑴⑪⑰⑴⑹	blobs
⑴⑪⑰③②	blocked
⑴⑪⑰③⑥	blocks
⑴⑪⒄③⑥	blokes
⑴⑪⑰⑿⑵	blonde
⑴⑪⒃⑵⑬	bloody
⑴⑪⒅⑫⑹	blooms
⑴⑪⑰②⑥	blots
⑴⑪⑰②⒌	blotter
⑴⑪⒄⑬⑩	blowing
⑴⑪⒅⑬⑦	bluish
⑴⑪⒃⑿②	blunt
⑴⑪⒋⑬⑩	blurring
⑴⑪⒃⑦②	blushed
⑴⒉⑵⑯⑵	boarded
⑴⒉⑵⒌⑹	borders
⑴⒉⑵⑬⑩	boarding
⑴⒄⑥②⑥	boasts
⑴⒄②⑬⑩	boating
⑴⑰⑴⑬⑹	bobbies
⑴⑰⑴⑬⑿	bobbin
⑴⑰⑴⑬⑩	bobbing
⑴⑰⑵⑬⑥	bodice
⑴⑰⑵⑬⑹	bodies
⑴⒄⑶⑬⑹	bogies
⑴⒄⑶⑯⑥	bogus
⑴⒆⑪⒌⑹	boilers
⑴⒆⑪⑬⑩	boiling
⑴⒄⑪⑵⒌	boulder
⑴⒄⑪②⑥	bolts
⑴⑰⑫⒌⑹	bombers
⑴⑰⑫⑬⑩	bombing
⑴⑰⑿⑵⑹	bonds
⑴⑰⑿⑯②	bonnet
⑴⒄⑿⑯⑥	bonus
⑴⑱③⑬⑹	bookies
⑴⑱③⑬⑩	booking
⑴⒅⑫⑬⑩	booming
⑴⒅⑥②⒌	booster
⑴⒅⑥②⑥	boosts
⑴⒉⑵⒌⑵	bordered
⑴⒉⑵⑯⑫	boredom
⑴⒃⑾⑯⑹	boroughs
⑴⑰⑾⒄⑵	borrowed
⑴⑰⑾⒄⒌	borrower
⑴⑰⑾⒄⑹	borrows
⑴⑱⑹⑯⑫	bosom
⑴⑰⑥⑯⑹	bosses
⑴⑰⑸⒌⑵	bothered
⑴⑰⑸⒌⑹	bothers
⑴⑰②⑯⑪	bottle
⑴⑰②⑯⑫	bottom
⑴⒅⑵⑼⒈	boudoir
⑴⑲⑿⑥②	bounced
⑴⑲⑿⑥⒌	bouncer
⑴⑲⑿⑥⑬	bouncy
⑴⑲⑿⑵⑹	bounds
⑴⑲⑿②⑬	bounty
⑴⒅③⒁⑹	bouquets
⑴⒋⑴⑯⑿	bourbon
⑴⒅②⒀③	boutique
⑴⒄⑷⒂⑿	bovine
⑴⑲⑯⑪⑹	bowels
⑴⒄⑪⒌⑹	bowlers
⑴⒄⑪⑬⑩	bowling
⑴⑰③⑥②	boxed
⑴⑰③⑥⒌	boxer
⑴⒆③⑰②	boycott
⑴⒆⑽⑱⑵	boyhood
⑴⑾⒁⑥②	braced
⑴⑾⒁⑿⑹	brains
⑴⑾⒁⑿⑬	brainy
⑴⑾⒁③②	braked
⑴⑾⒁③⑥	breaks
⑴⑾⑳⑿⑧	branch
⑴⑾⑮⑿⑵	brand
⑴⑾⒁⑷⑵	braved
⑴⑾⒁⑷⒌	braver
⑴⑾⑳⑷⒄	bravo
⑴⑾⒀⑧②	breached
⑴⑾⑭⑵⑤	breadth
⑴⑾⒁③⒌	breaker
⑴⑾⑭⑥②	breast
⑴⑾⒀⑸⑵	breathed
⑴⑾⒀⑸⒌	breather
⑴⑾⒀⑸⑹	breathes
⑴⑾⑭⑤⑥	breaths
⑴⑾⒀⑵⒌	breeder
⑴⑾⒀⑵⑹	breeds
⑴⑾⒀⑹⑬	breezy
⑴⑾⒅⒌⑹	brewers
⑴⑾⒅⒌⑬	brewery
⑴⑾⒅⑬⑩	brewing
⑴⑾⒂⑴⑹	bribes
⑴⑾⑬③⑥	bricks
⑴⑾⒂⑵⑹	brides
⑴⑾⑬⑻⑵	bridged
⑴⑾⒀④②	briefed
⑴⑾⒀④⑥	briefs
⑴⑾⒂②⒌	brighter
⑴⑾⑬⑩⑹	brings
⑴⑾⑬⑩③	brink
⑴⑾⑬⑥③	brisk
⑴⑾⑬②⑥	brits
⑴⑾⒇⑵⒌	broader
⑴⑾⒄⑦⒌	brochure
⑴⑾⒄⑶⑹	brogues
⑴⑾⒄③⒌	broker
⑴⑾⑰⑿⑹	bronze
⑴⑾⒅⑫⑹	brooms
⑴⑾⒃⑸⒌	brother
⑴⑾⑲⑿⑬	brownie
⑴⑾⑲⑿⑹	browns
⑴⑾⒅⑹⑵	bruised
⑴⑾⒅⑹⒌	bruiser
⑴⑾⒃⑿②	brunt
⑴⑾⒃⑦②	brushed
⑴⑾⒅⑥③	brusque
⑴⒃⑴⑯⑪	bubble
⑴⒃⑴⑪⑬	bubbly
⑴⒃③⑯②	bucket
⑴⒃③⑬⑩	bucking
⑴⒃③⑯⑪	buckle
⑴⒃⑵⑬⑹	buddies
⑴⒃⑵⑬⑩	budding
⑴⒃⑻⑯②	budget
⑴⒃④⒌⑹	buffers
⑴⒃④⑯②	buffet
⑴⒃⑶⒌⑹	buggers
⑴⒃⑶⒌⑬	buggery
⑴⑬⑪⑵⒌	builder
⑴⑬⑪⑵⑹	builds
⑴⒃⑪⑴⑹	bulbs
⑴⒃⑪③⑬	bulky
⑴⑱⑪⑯②	bullet
⑴⑱⑪⑬⑵	bullied
⑴⑱⑪⑬⑹	bullies
⑴⑱⑪⒎⑿	bullion
⑴⑱⑪⑯③	bullock
⑴⒃⑫①②	bumped
⑴⒃⑫①⒌	bumper
⑴⒃⑫①⑥	bumps
⑴⒃⑫①⑬	bumpy
⑴⒃⑩③⒌	bunker
⑴⒃⑩③⑥	bunks
⑴⒆⑯⑿②	buoyant
⑴⒋⑵⑯⑿	burden
⑴⑨⑱⒌⒄	bureau
⑴⒋⑶⒌⑹	burgers
⑴⒋⑶⑪⒌	burglar
⑴⑭⑾⒎⑪	burial
⑴⑭⑾⑬⑵	buried
⑴⒋⑫⒀⑹	burmese
⑴⒋⑿⒌⑹	burners
⑴⒋⑿⑬⑩	burning
⑴⒃⑾⒄⑹	burrows
⑴⒋⑥②⑥	bursts
⑴⒃⑥⑯⑹	buses
⑴⑱⑦⑯⑹	bushes
⑴⑬⑹⑬⑵	busied
⑴⑬⑹⑬⒌	busier
⑴⒃⑥⑯⑪	bustle
⑴⒃⑥②⑥	busts
⑴⒏②⒁⑿	butane
⑴⑱⑧⒌⑹	butchers
⑴⒃②⑪⒌	butler
⑴⒃②⒌⑵	buttered
⑴⒃②⑯⑿	button
⑴⒃⑹⒌⑵	buzzard
⑴⒃⑹⑬⑩	buzzing
⑴⒂⑶⑰⑿	bygone
⑴⒂①⑳⑥	bypass
③⑮⑴⒌⒁	cabaret
③⑮⑴⑬⑻	cabbage
③⑮⑴⑬⑿	cabin
③⒁⑴⑯⑪	cable
③⑮⑵⑬⑹	caddies
③⑯⑵⑭②	cadet
③⑳⑵⑾⑯	cadre
③⑮④⒁⑹	cafes
③⑮④⒀⑿	caffeine
③⒁⑻⑯⑹	cages
③⑯⑻⒄⑪	cajole
③⒇⑪⒌⑹	callers
③⒇⑪⑬⑩	calling
③⑮⑪⑯⑥	callous
③⑳⑫⑬⑩	calming
③⑳⑫⑪⑬	calmly
③⑮⑪⒌⑬	calorie
③⑮⑫⑯⑪	camel
③⑮⑫⑬⒄	cameo
③⑮⑫⒌⑯	camera
③⑮⑫①②	camped
③⑮⑫①⑥	camps
③⑯⑿⑮⑪	canal
③⑮⑿⑥⒌	cancer
③⑮⑿⑵⒌	candour
③⑮⑿⑵⑬	candy
③⒁⑿⒂⑿	canine
③⑮⑿⑯⑿	cannon
③⑯⑿⒅⑹	canoes
③⑮⑿②⒌	canter
③⑮⑿②⒄	canto
③⒁①⒌⑹	capers
③⑮①⑬⑩	capping
③⑮①⑧⒌	capture
③⑮⑾⑯②	carrot
③⒈⑴⑯⑿	carbon
③⒈③⑯⑥	carcass
③⒌⒍⑬⑩	careering
③⒊④⑾⒀	carefree
③⒊④⑯⑪	careful
③⒊⑪⑯⑥	careless
③⒌⑭⑥②	caressed
③⒈⑶⒄⑹	cargoes
③⒈⑿⑬⑻	carnage
③⒈⑿⑯⑪	carnal
③⑮⑾⑯⑪	carol
③⒈①⑯②	carpet
③⑮⑾⑬⑻	carriage
③⑮⑾⑬⑵	carried
③⑮⑾⑬⒌	carrier
③⑮⑾⑬⑹	carries
③⑮⑾⒎⑿	carrion
③⒈②⑯⑵	carted
③⒈②⑭⑪	cartel
③⒈②⑯⑿	carton
③⒈②⒅⑿	cartoon
③⒈⑷⑬⑩	carving
③⒁⑥⑯⑹	cases
③⑮⑦⑬⑩	cashing
③⑮⑦⑫⒍	cashmere
③⒁⑥⑬⑩	casing
③⑳⑥③⑥	casks
③⑯⑥⑭②	cassette
③⑳⑥②⒌	caster
③⑳⑥②⑥	casts
③⑳⑥⑯⑪	castle
③⑮⑧⑯⑹	catches
③⑮⑧⑬⑩	catching
③⒁②⒌⑵	catered
③⒁②⒌⒌	caterer
③⒁②⒌⑹	caters
③⑮⑤⒄⑵	cathode
③⑮②⑯⑪	cattle
③⒇③⑯⑥	caucus
③⒇⑹⑯⑪	causal
③⒇⑹⑯⑹	causes
③⒇⑹⑼⒁	causeway
③⒇⑹⑬⑩	causing
③⒇⑦⑯⑿	caution
③⒇⑦⑯⑥	cautious
③⑮⑷⒌⑿	cavern
③⑮⑷⑬⒈	caviar
⑥⒀⑥⑯⑹	ceases
⑥⒀⑥⑬⑩	ceasing
⑥⒀⑪⑬⑩	ceiling
⑥⑭⑪⒌⑬	celery
⑥⑭⑪⒌⑹	sellers
③⑭⑪②⑥	celts
⑥⑭⑿⑥⒌	sensor
⑥⑭⑿⑦⒌	censure
⑥⑭⑿②⒌	centre
⑥⑭⑿②⑥	cents
⑥⒍⒎⑪⑹	cereals
⑥⒋②⑯⑿	certain
⑧⒁⑿⑥⒇	chainsaw
⑧⒊⑫⑯⑿	chairman
⑧⒊⑫⑭⑿	chairmen
⑦⑮⑪⒁⑹	chalets
⑧⑮⑪⑬⑥	chalice
⑧⒁⑫⑴⒌	chamber
⑧⑳⑿⑥②	chanced
⑧⒁⑿⑻⑵	changed
⑧⑮⑿⑯⑪	channel
⑧⑳⑿②⑥	chants
⑧⑮①⑯⑪	chapel
⑧⑮①②⒌	chapter
⑧⒈③⒄⑪	charcoal
⑧⒈⑻⑯⑹	charges
⑧⒈⑻⑬⑩	charging
⑧⑮⑾⒎②	chariot
⑧⒈⑫⑬⑩	charming
⑧⒈②⑯⑵	charted
⑧⒈②⒌⑵	chartered
⑧⒈②⒌⑹	charters
⑧⒈②⑬⑩	charting
⑧⒁⑥⑯⑹	chases
⑧⒁⑥⑬⑩	chasing
③⑮⑹⑯⑫	chasm
⑧⑮②⑯⑵	chatted
⑧⑮②⒌⑵	chattered
⑧⑮②⑬⑩	chatting
⑧⒀①⑪⑬	cheaply
⑧⒀②⑯⑵	cheated
⑧⒀②⑬⑩	cheating
⑧⑭③⑬⑩	checking
⑧⑭③⑲②	checkout
⑧⒍④⑯⑪	cheerful
⑧⒍⑬⑪⑬	cheerily
⑧⒀⑹⑯⑹	cheeses
⑧⒀②⑯⑹	cheetahs
⑧⑭③⒌⑵	chequered
⑧⑭⑾⑬⑦	cherish
⑧⑭⑾⑬⑹	cherries
⑧⑭⑥②⑥	chests
⑧⑬③⑬⑿	chicken
⑧⒂⑵⑯⑵	chided
⑧⒀④⑪⑬	chiefly
⑦⑬④⑰⑿	chiffon
⑧⑬⑪⒎⑿	chilean
⑧⑬⑪⑬⑩	chilling
⑧⑬⑫⑿⑬	chimney
⑧⑬⑫①⑥	chimps
⑧⒂⑿⒀⑹	chinese
⑧⑬⑿②⑥	chintz
⑧⑬⑹⑯⑪	chisel
③⑪⒉⒂⑵	chloride
③⑪⒉⒀⑿	chlorine
⑧⒆⑥⑯⑹	choices
③⑼⒂⒌⑹	choirs
⑧⒄③⑬⑩	choking
③⑰⑪⒌⑯	cholera
⑧⒅⑹⑯⑹	chooses
⑧⒅⑹⑬⑩	choosing
⑧⑰①⑬⑩	chopping
⑧⒄⑹⑯⑿	chosen
⑧⒃③⑬⑩	chucking
⑧⒃③⑯⑪	chuckle
⑧⒃⑩③⑥	chunks
⑧⒃⑩③⑬	chunky
⑧⒋⑧⑯⑹	churches
⑧⒋⑪⑬⑦	churlish
⑧⒋⑿⑬⑩	churning
⑥⑬⑶⒈⑹	cigars
⑥⒋③⑯⑪	circle
⑥⒋③⑬②	circuit
⑥⒋③⑯⑥	circus
⑥⒂②⑯⑵	cited
⑥⑬②⑬⑹	cities
⑥⒂②⑬⑩	citing
⑥⑬⑷⑬③	civic
⑥⑬⑷⑯⑪	civil
③⑪⒁⑫⑵	claimed
③⑪⒁⑫⑹	claims
③⑪⑮⑫⑬	clammy
③⑪⑮⑫⒌	clamour
③⑪⑮⑫①	clamp
③⑪⑮⑿⑹	clans
③⑪⑮①②	clapped
③⑪⑮⑦②	clashed
③⑪⑳⑥①	clasp
③⑪⑳⑥②	classed
③⑪⑳⑥⑬	classy
③⑪⑮②⒌	clatter
③⑪⒇⑬⑩	clawing
③⑪⒀⑿⑵	cleaned
③⑪⒀⑿⒌	cleaner
③⑪⒀⑿⑹	cleans
③⑪⑭⑿⑹	cleanse
③⑪⒍⑬⑩	clearing
③⑪⒍⑪⑬	clearly
③⑪⑭④②	cleft
③⑪⒋⑻⑬	clergy
③⑪⒈③⑥	clerks
③⑪⑭⑷⒌	clever
③⑪⒀⑦⒁	cliche
③⑪⑬③②	clicked
③⑪⑬③⑥	clicks
③⑪⑬④⑥	cliffs
③⑪⒂⑫⑵	climbed
③⑪⒂⑫⒌	climber
③⑪⒂⑫⑹	climbs
③⑪⑬⑿⑧	clinch
③⑪⑬⑩⑹	clings
③⑪⑬①②	clipped
③⑪⑬①⑥	clips
③⑪⒄③⑥	cloaks
③⑪⑰③②	clocked
③⑪⑰③⑥	clocks
③⑪⑰⑶⑹	clogs
③⑪⒄⑿⑹	clones
③⑪⒄⑹⑵	closed
③⑪⒄⑥⒌	closer
③⑪⒄⑺⒌	closure
③⑪⒄⑸⑵	clothed
③⑪⒄⑸⑹	clothes
③⑪⒄⑸⒍	clothier
③⑪⑰⑤⑥	cloths
③⑪⑲⑵⑹	clouds
③⑪⑲⑵⑬	cloudy
③⑪⒄⑷⒌	clover
③⑪⒄⑷⑹	cloves
③⑪⑲⑿⑹	clowns
③⑪⒃⑴⑹	clubs
③⑪⒃⑫①	clump
③⑪⒃⑧②	clutched
③⑪⒃②⒌	clutter
③⒄⑧⑯⑹	coaches
③⒄⑧⑬⑩	coaching
③⒉⑥⑪⑬	coarsely
③⒄⑥②⑥	coasts
③⒄②⑯⑵	coated
③⒄②⑬⑩	coating
③⒄③⑥②	coaxed
③⑰⑴⑪⒌	cobbler
③⒄⑴⑾⑯	cobra
③⒄③⒁⑿	cocaine
③⑰③⑿⑬	cockney
③⑯③⒅⑿	cocoon
③⒄⑵⑯⑵	coded
③⒄⑵⑬⑩	coding
③⒄⒋⑥②	coerced
③⑰④⑬⑹	coffees
③⑰④⒌⑹	coffers
③⑰④⑬⑿	coffin
③⒄⑽⒉②	cohort
③⒆⑿⑬⑻	coinage
③⒄⑪⑵⒌	colder
③⒄⑪⑵⑹	colds
③⑰⑪⑬③	colic
③⑰⑪⑳⑺	collage
③⑰⑪⒌⑹	collars
③⑰⑪⒀⑶	colleague
③⑰⑪⑬⑻	college
③⑯⑪⒄⑿	cologne
③⒄⑪⑯⑿	colon
③⒋⑿⑯⑪	colonel
③⒃⑪⒌⑵	coloured
③⒃⑪⒌⑹	colours
③⒄⑪②⑥	colts
③⑰⑪⑯⑫	column
③⒄⑫⑬⑩	combing
③⒃⑫⒌⑹	comers
③⑰⑫⑯②	comet
③⒃⑫④⑬	comfy
③⑰⑫⑬③	comic
③⒃⑫⑬⑿	comin'
③⒃⑫⑬⑩	coming
③⑰⑫⑯⑹	commas
③⑰⑫⒋⑥	commerce
③⑯⑫⑬②	commit
③⑯⑫⒄⑵	commode
③⑰⑫⑯⑿	common
③⑰⑫⒏⑿	commune
③⑯⑫⒏②	commute
③⑯⑫①⒊	compare
③⑯⑿③⒋	concur
③⑯⑿④⒋	confer
③⒃⑿⑻⒌	conjure
③⑰⑩③⒌	conquer
③⑯⑿⑷⒁	convey
③⑰⑿⑷⒆	convoy
③⑱③⒌⑹	cookers
③⑱③⒌⑬	cookery
③⑱③⑬⑹	cookies
③⑱③⑬⑩	cooking
③⒅⑪⑬⑹	coolies
③⒅⑪⑬⑩	cooling
③⒅⑪⑪⑬	coolly
③⑰①⑬⑵	copied
③⑰①⑬⑹	copies
③⒄①⑬⑩	coping
③⒄①⒎⑥	copious
③⑰①⒌⑹	coppers
③⑰①②⑥	copts
③⑰⑾⑯⑪	coral
③⒉⑵⒎⑪	cordial
③⒉⑵⑯⑿	cordon
③⒉⑵⒌⒆	corduroy
③⒉⑿⒌⑵	cornered
③⒉⑿⒌⑹	corners
③⒉⑿⑬⑥	cornice
③⒉①⑯⑥	corpus
③⒌⑭③②	correct
③⒌⒃①②	corrupt
③⑰⑥②⑥	costs
③⒄②⒌⑬	coterie
③⑰②⑬⑻	cottage
③⑰②⑯⑿	cotton
③⑰④⑬⑩	coughing
③⑲⑿②⒌	counter
③⑲⑿②⑥	counts
③⑲⑿②⑬	county
③⒃①⑯⑪	couple
③⒅①⑰⑿	coupon
③⒃⑾⑬⑻	courage
③⒉⑺⑭②	courgette
③⒉⑥⑯⑹	courses
③⒉⑥⑬⑩	coursing
③⒉②⑯⑵	courted
③⒋②⒎⑥	courteous
③⒉②⒍⑹	courtiers
③⒉②⑬⑩	courting
③⒉②⑪⑬	courtly
③⒃⑹⑯⑿	cousin
③⒃⑷⒌⑵	covered
③⒃⑷⒌⑹	covers
③⒄⑷⒋②	covert
③⑲⒌⑵⑹	cowards
③⑲⑴⒆⑹	cowboys
③⑲⒌⑬⑩	cowering
③⑾⑮⑴⑹	crabs
③⑾⑮③②	cracked
③⑾⑮③⒌	cracker
③⑾⑮③⑥	cracks
③⑾⑳④②	craft
③⑾⑮⑶⑬	craggy
③⑾⑮⑶⑹	crags
③⑾⑮⑫⑵	crammed
③⑾⑮⑫①	cramp
③⑾⒁⑿⑵	craned
③⑾⒁⑿⑹	cranes
③⑾⑮⑩③	crank
③⑾⑮⑦②	crashed
③⑾⒁②⒌	crater
③⑾⒁②⑥	crates
③⑾⒁⑷⑵	craved
③⑾⒇⑪⑵	crawled
③⑾⒁⑰⑿	crayon
③⑾⒁⑹⑵	crazed
③⑾⒁⑹⑬	crazy
③⑾⒀③②	creaked
③⑾⒀⑫⑹	creams
③⑾⒀⑫⑬	creamy
③⑾⑬⒁②	create
③⑾⒀⑧⒌	creature
③⑾⒀⑵⒄	credo
③⑾⒀⑵⑹	creeds
③⑾⒀①⑥	creeps
③⑾⒀①⑬	creepy
③⑾⒀⒄⑪	creole
③⑾⑭①②	crept
③⑾⑭⑥②	crest
③⑾⒂③⑬	crikey
③⑾⒂⑫⑹	crimes
③⑾⑬⑥①	crisp
③⑾⒄③②	croaked
③⑾⑰④②	croft
③⑾⑱③⑥	crooks
③⑾⑰①②	cropped
③⑾⑰①⒌	cropper
③⑾⑰①⑥	crops
③⑾⒄③⒁	croquet
③⑾⑰⑥②	crossed
③⑾⑲⑧②	crouched
③⑾⒄⑴⒈	crowbar
③⑾⑲⑵⑹	crowds
③⑾⑲⑿⑵	crowned
③⑾⑲⑿⑹	crowns
③⑾⒅⑵⒌	cruder
③⑾⒅⑯⑪	cruel
③⑾⒅⑹⑵	cruised
③⑾⒅⑹⒌	cruiser
③⑾⒃⑫⑹	crumbs
③⑾⒃⑿⑧	crunch
③⑾⒃⑦②	crushed
③⑾⒃⑥②	crust
③⑾⒃③⑥	crux
③⑾⒂⑬⑩	crying
③⑾⑬①②	crypt
③⒏⑴⑯⑿	cuban
③⒏⑴⑬③	cubic
③⑱③⒅⑹	cuckoos
③⒃⑵⑯⑪	cuddle
③⒃⑪②⑥	cults
③⒃⑪⑧⒌	culture
③⒃⑿⑬⑩	cunning
③⒃⑴⒌⑵	cupboard
③⒃①⑬⑩	cupping
③⒋⑴⑬⑩	curbing
③⑨⑱⒌⒁	cure
③⑨⑱⒌⑵	cured
③⑨⑱⒌⑹	cures
③⒋⑪⒌⑹	curlers
③⒋⑪⑬⑩	curling
③⒋⑥⑯⑹	curses
③⒋⑥⑬⑩	cursing
③⒋⑥⑬⑷	cursive
③⒋⑥⒌⑬	cursory
③⒋②⒁⑪	curtail
③⒋②⑯⑿	curtain
③⒋②⑪⑬	curtly
③⒋⑷⑬⑩	curving
③⑱⑦⑯⑿	cushion
③⒃②⒌⑹	cutters
③⒃②⑬⑩	cutting
⑥⒂③⑯⑪	cycle
⑥⑬⑿⑬③	cynic
⑵⒀⑫⑯⑿	demon
⑵⑮⑶⒌⑹	daggers
⑵⒁⑪⑬⑹	dailies
⑵⒁⑿②⑬	dainty
⑵⒁⑹⑬⑹	daisies
⑵⑮⑫⑬⑻	damage
⑵⑮⑫⑬⑩	damning
⑵⑳⑿⑥②	danced
⑵⑳⑿⑥⒌	dancer
⑵⒁⑿⑻⒌	danger
⑵⒁⑿⑬⑦	danish
⑵⒈③⑯⑿	darken
⑵⒈③⑪⑬	darkly
⑵⒈⑪⑬⑩	darling
⑵⒈②⑯⑵	darted
⑵⒈②⑬⑩	darting
⑵⑮⑦⑯⑹	dashes
⑵⑮⑦⑬⑩	dashing
⑵⒁②⑯⑵	dated
⑵⒁②⑬⑩	dating
⑵⒁②⑯⑫	datum
⑵⒇②⒌⑹	daughters
⑵⒁⑪⒂②	daylight
⑵⒁②⒂⑫	daytime
⑵⑮⑹⑯⑪	dazzle
⑵⒀③⑯⑿	deacon
⑵⑭⑵⑪⑬	deadly
⑵⒀⑪⒌⑹	dealers
⑵⒀⑪⑬⑩	dealing
⑵⒀⑿⒌⑬	deanery
⑵⒍⑯⑥②	dearest
⑵⑭⑤⑪⑬	deathly
⑵⒀⑴⒈⑵	debarred
⑵⑬⑴⒁②	debate
⑵⑭⑴⑬②	debit
⑵⒁⑴⑾⒀	debris
⑵⑭②⒌⑹	debtors
⑵⒁⑴⒏⑹	debuts
⑵⑭③⒁⑵	decade
⑵⑬③⒁⑵	decayed
⑵⑬⑥⒀②	deceit
⑵⑬⑥⒀⑷	deceive
⑵⑬⑥⒂⑵	decide
⑵⑬③⑪⒊	declare
⑵⑬③⑾⒀	decree
⑵⑬⑵⒏⑥	deduce
⑵⒀①⑯⑿	deepen
⑵⒀①⑪⑬	deeply
⑵⑬④⒀②	defeat
⑵⑬④⒋⑵	deferred
⑵⑬④⒂⑵	defied
⑵⑬④⒂⑹	defies
⑵⑬④⒂⑿	define
⑵⒀④⒏⑹	defuse
⑵⑬⑶⑾⒀	degree
⑵⒀⑬②⑬	deity
⑵⑬⑪⒁⑵	delayed
⑵⑬⑪⒁⑹	delays
⑵⑬⑪⒀②	delete
⑵⑬⑪⒂②	delight
⑵⑭⑪②⑯	delta
⑵⑭⑪⒏⑻	deluge
⑵⑬⑫⒁⑿	demesne
⑵⑬⑫⒂⑹	demise
⑵⑭⑫⒄⑹	demos
⑵⑬⑫⒋⑵	demurred
⑵⑬⑿⒂⑵	denied
⑵⑬⑿⒂⑹	denies
⑵⑭⑿⑬⑫	denim
⑵⑬⑿⒄②	denote
⑵⑭⑿⑥⒌	denser
⑵⑬①⒈②	depart
⑵⑬①⑪⒆	deploy
⑵⑭①⒄⑹	depots
⑵⑭①⑤⑥	depths
⑵⑬⑾⒂⑷	derive
⑵⑬⑹⒋②	dessert
⑵⑭⑹⒌②	desert
⑵⑬⑹⒋⑷	deserve
⑵⑬⑹⒂⑿	design
⑵⑬⑹⒂⒌	desire
⑵⑭⑥③⑥	desks
⑵⑬⑥①⒊	despair
⑵⑬②⑮⑧	detach
⑵⒀②⒁⑪	detail
⑵⑬②⒁⑿	detain
⑵⑬②⒋⑵	deterred
⑵⒀②⑱⒌	detour
⑵⑬⑷⒂⑥	device
⑵⑭⑷⑯⑪	devil
⑵⒀⑷⒎⑥	devious
⑵⑬⑷⒂⑹	devise
⑵⑬⑷⒆⑵	devoid
⑵⑬⑷⒄②	devote
⑵⑬⑷⑲⒌	devour
⑵⑬⑷⑲②	devout
⑵⒂⑯⑪⑵	dialled
⑵⒂⑯⑪⑹	dials
⑵⒂⒌⑬⑹	diaries
⑵⑬③②⑯	dicta
⑵⒀⑹⑯⑪	diesel
⑵⒂⑯②⑥	diets
⑵⑬④⒌⑵	differed
⑵⑬④⒌⑹	differs
⑵⑬④⒏⑥	diffuse
⑵⑬④⒏⑹	diffuse
⑵⑬⑶⒌⑹	diggers
⑵⑬⑶⑬⑩	digging
⑵⑬⑻⑬②	digit
⑵⒂⑪⒅②	dilute
⑵⑬⑫⑪⑬	dimly
⑵⒀⑿⒈⑹	dinars
⑵⒂⑿⒌⑹	diners
⑵⑬⑩⑶⑬	dinghy
⑵⑬⑿⑻⑬	dingy
⑵⒂⑿⑬⑩	dining
⑵⑬⑿⒌⑹	dinners
⑵⑬①⑬⑩	dipping
⑵⑬⑥⒈⑫	disarm
⑵⑬⑥⒌⒁	disarray
⑵⑬⑥⒋⑿	discern
⑵⑬⑥③⒄	disco
⑵⑬⑥③⑥	discs
⑵⑬⑹⒀⑹	disease
⑵⑬⑦⑯⑹	dishes
⑵⑬⑦⑬⑩	dishing
⑵⑬⑥⑫⒁	dismay
⑵⑬⑥⒏⑥	disuse
⑵⑬⑧⑯⑹	ditches
⑵⑬⑷⑮⑿	divan
⑵⒂⑷⒋⑻	diverge
⑵⒂⑷⒋⑹	divers
⑵⒂⑷⒌⑹	divers
⑵⒂⑷⒋⑥	diverse
⑵⒂⑷⒋②	divert
⑵⑬⑷⒂⑵	divide
⑵⑬⑷⒂⑿	divine
⑵⒂⑷⑬⑩	diving
⑵⑬⑷⒉⑥	divorce
⑵⒀⒂⑼⒂	diy
⑵⒀⑻⒁⑹	djs
⑵⒄⑥⒂⑪	docile
⑵⑰③⒌⑹	dockers
⑵⑰③②⒌	doctor
⑵⑰⑻⑬⑩	dodging
⑵⑰⑶⑯⑵	dogged
⑵⑰⑶⑫⑯	dogma
⑵⒅⑬⑩⑹	doings
⑵⑰⑪⒌⑹	dollars
⑵⒄⑫⒁⑿	domain
⑵⒄⑿⒁②	donate
⑵⑰⑩③⑬	donkey
⑵⒄⑿⒌⑹	donors
⑵⒉⑴⑭⑪	doorbell
⑵⒉⑫⑯⑿	doorman
⑵⒉⑫⑮②	doormat
⑵⒉⑼⒁⑹	doorways
⑵⑰⑾⑬③	doric
⑵⒄⑥⑬⑻	dosage
⑵⒄⑥⑯⑹	doses
⑵⑰⑥⑬⒁	dossier
⑵⑰②⑯⑵	dotted
⑵⒃⑴⑯⑪	double
⑵⒃⑴⑪⑬	doubly
⑵⑲②⑯⑵	doubted
⑵⑲②⑬⑩	doubting
⑵⒄⑿⒃②	doughnut
⑵⑲⑯⑻⒌	dowager
⑵⑲⑿①⒉	downpour
⑵⒃⑹⑯⑿	dozen
⑵⒄⑹⑬⑩	dozing
⑵⑾⑳④②	draft
⑵⑾⑮⑶⑵	dragged
⑵⑾⑮⑶⑹	drags
⑵⑾⒁⑿⑵	drained
⑵⑾⒁⑿⑹	drains
⑵⑾⑳⑫⑯	drama
⑵⑾⑮⑩③	drank
⑵⑾⒁①②	draped
⑵⑾⒁①⒌	draper
⑵⑾⒁①⑥	drapes
⑵⑾⒇⑬⑩	drawing
⑵⑾⒇⑪⑵	drawled
⑵⑾⒀⑫⑵	dreamed
⑵⑾⒀⑫⒌	dreamer
⑵⑾⒀⑫⑹	dreams
⑵⑾⑭⑫②	dreamt
⑵⑾⒀⑫⑬	dreamy
⑵⑾⑭⑻⒌	dredger
⑵⑾⑭⑶⑹	dregs
⑵⑾⑭⑥②	dressed
⑵⑾⑭⑥⒌	dresser
⑵⑾⑬④②	drift
⑵⑾⑬⑪⑵	drilled
⑵⑾⑬⑪⑹	drills
⑵⑾⒂⑪⑬	drily
⑵⑾⑬⑩③	drink
⑵⑾⑬①②	dripped
⑵⑾⑬①⑥	drips
⑵⑾⒂⑷⒌	driver
⑵⑾⒂⑷⑹	drives
⑵⑾⒅①②	drooped
⑵⑾⑰①②	dropped
⑵⑾⑰①⑥	drops
⑵⑾⑲②⑥	droughts
⑵⑾⒄⑷⑹	droves
⑵⑾⑲⑿⑵	drowned
⑵⑾⑲⑹⑬	drowsy
⑵⑾⒃⑶⑵	drugged
⑵⑾⒃⑶⑹	drugs
⑵⑾⒅⑬⑵	druid
⑵⑾⒃⑫⑵	drummed
⑵⑾⒃⑫⒌	drummer
⑵⑾⒃⑫⑹	drums
⑵⑾⒃⑩③	drunk
⑵⑾⒂⑬⑩	drying
⑵⒏⑴⒎⑥	dubious
⑵⒏③⑯⑪	ducal
⑵⒃⑧⑭⑥	duchess
⑵⒃③⑬⑩	ducking
⑵⒃③②⑥	ducts
⑵⒃⑶⑲②	dugout
⑵⒃⑪⑪⑬	dully
⑵⒃⑫⑪⑬	dumbly
⑵⒃⑫⑬⑹	dummies
⑵⒃⑫①②	dumped
⑵⒃⑫①⑥	dumps
⑵⒃⑫①⑬	dumpy
⑵⒃⑥③⑬	dusky
⑵⒃⑥②⒌	duster
⑵⒃⑥②⑬	dusty
⑵⒏②⑬⑹	duties
⑵⑼⒉④②	dwarfed
⑵⑼⒉④⑥	dwarfs
⑵⑼⑭⑪②	dwelt
⒀⑶⒌⑪⑬	eagerly
⒀⑶⑯⑪⑹	eagles
⒋⑪⑵⑯⑫	earldom
⒍⑫⒈③②	earmarked
⒋⑿⑯⑥②	earnest
⒋⑿⑬⑩⑹	earnings
⒍④⒄⑿⑹	earphones
⒍⑾⑬⑩⑹	earrings
⒀⑹⑬⑪⑬	easily
⒀⑥②⒌⑿	eastern
⑭⑴⑯⑿⑬	ebony
⑭③⒄⑬⑩	echoing
⒀⑵⑬③②	edict
⑭⑵⑬②⒌	editor
⑬④⑭③②	effect
⑭④⑬⑻⑬	effigy
⑭④⒌②⑥	efforts
⒁②⒀⑿⑤	eighteenth
⑬⑻⑭③②	eject
⑬⑪⑮①⑥	elapse
⑭⑪⑴⒄⑵	elbowed
⑭⑪⑴⒄⑹	elbows
⑭⑪⑵⒌⑹	elders
⑬⑪⑭③②	elect
⑭⑪⑯⑻⑬	elegy
⑬⑪⒀②⑥	elites
⑬⑪⑬①⑥	ellipse
⑭⑪⑥⑼⒊	elsewhere
⑬⑫⑴⒈③	embark
⑭⑫⑴⒌⑹	embers
⑬⑫⒋⑻⑵	emerged
⑬⑫⑬②⑥	emits
⑭⑫①⒌⒌	emperor
⑭⑫①⒂⒌	empire
⑬⑫①⑪⒆	employ
⑬⑫①⑲⒌	empower
⑭⑫①②⑬	empty
⑬⑿⑮③②	enact
⑭⑿⑵⑯⑵	ended
⑭⑿⑵⑬⑩	ending
⑬⑿⑵⒉⑥	endorse
⑬⑿⑵⑲⑵	endowed
⑭⑿⑬⑫⑯	enema
⑭⑿⒌⑻⑬	energy
⑬⑿④⒉⑥	enforce
⑬⑿⑶⒁⑻	engage
⑭⑿⑻⑬⑿	engine
⑬⑿⑻⒆⑵	enjoyed
⑬⑿⑻⒆⑹	enjoys
⑬⑿⑪⒈⑻	enlarge
⑬⑿⑾⑬⑧	enrich
⑬⑿⑾⒄⑪	enrol
⑭⑿⑥⑯⑿	ensign
⑬⑿⑥⒏⑵	ensued
⑬⑿⑦⑱⒌	ensure
⑬⑿②⒁⑪	entail
⑭⑿②⒌⑵	entered
⑭⑿②⒌⑹	enters
⑬⑿②⒂⑥	entice
⑬⑿②⒂⒌	entire
⑭⑿②⑾⑬	entry
⑭⑿⑷⑬⑵	envied
⑭⑿⑷⒎⑥	envious
⑭⑿⑷⒆⑹	envoys
⑭⑿⑹⒂⑫	enzyme
⑭①⑬③⑥	epics
⒀①⑰③⑥	epochs
⒀③⑼⑯⑪	equal
⑬③⑼⒁②	equate
⑭③⑼⒂⑿	equine
⑬③⑼⑬①	equip
⑬⑾⒁⑹⑵	erased
⑬⑾⑭③②	erect
⑭⑾⑯⑿⑵	errand
⑭⑾⑯⑿②	errant
⑬⑾⒃①②	erupt
⑬⑥③⒁①	escape
⑬⑥③⒉②	escort
⑭⑥③⒉②	escort
⒀⑭⑥①⒀	esp
⑭⑥⑯⑿⑥	essence
⑬⑥②⒁②	estate
⑬⑥②⒀⑫	esteem
⑭⑧⑬⑩⑹	etchings
⑬⑤⒍⒎⑪	ethereal
⑭⑤⑬③⑥	ethics
⑭⑤⑿⑬③	ethnic
⒏⑿⑯③⑥	eunuchs
⒀⑷⑿⑬⑩	evening
⑬⑷⑭⑿②	event
⑬⑷⑬③②	evict
⒀⑷⑯⑪⑹	evils
⑬⑷⒄③②	evoked
⑬⑷⒄③⑥	evokes
⑬⑷⑰⑪⑷	evolve
⑬⑶⑹⑮⑫	exam
⑬③⑥⒀⑵	exceed
⑬③⑥⑭⑪	excel
⑬③⑥⑭⑥	excess
⑭③⑥⑭⑥	excess
⑬③⑥⒂⑹	excise
⑭③⑥⒂⑹	excise
⑬③⑥⒂②	excite
⑬⑶⑹⒋②	exert
⑭③⑥⒂⑪	exile
⑭③⑥⑬②	exit
⑭③⑥①⒄	expo
⒂⑴⒇⑪⑹	eyeballs
⒂⑴⑾⑲⑹	eyebrows
⒂⑪⑬⑵⑹	eyelids
④⒁⑴⒎⑿	fabian
④⒁⑴⑯⑪	fable
④⑯⑥⑳⑵	façade
④⒁⑥⑯⑹	faces
④⑮⑥⑯②	facet
④⒁⑦⑯⑪	facial
④⑮⑥⒂⑪	facile
④⒁⑥⑬⑩	facing
④⑮③②⒌	factor
④⑮③②⑥	facts
④⒁⑵⑯⑵	faded
④⒁⑵⑬⑩	fading
④⒀⑥⒀⑹	faeces
④⒁⑪⑬⑩	failing
④⒁⑪⑨⒌	failure
④⒁⑿②⒌	fainter
④⒊⑯⑥②	fairest
④⒊⑿⑯⑥	fairness
④⒊⑼⒁⑹	fairways
④⒇⑪⑯⑿	fallen
④⒇⑪⑬⑩	falling
④⒇⑪⑲②	fallout
④⒇⑪②⒌	falter
④⑮⑫⑬⑿	famine
④⒁⑫⑯⑥	famous
④⑮⑿⑥⑬	fancy
④⑮⑿④⒊	fanfare
④⑮⑿⑬⑩	fanning
④⒈⑯⑼⒁	faraway
④⒊⑼⑭⑪	farewell
④⒈⑫⒌⑹	farmers
④⒈⑫⑬⑩	farming
④⒈⑸⑬⑩	farthing
④⑮⑦⑯⑿	fashion
④⑳⑥⑯⑿	fasten
④⑳⑥②⒌	faster
④⒁②⑯⑪	fatal
④⒁②⑯⑵	fated
④⑳⑸⒌⑹	fathers
④⑮⑸⑯⑫	fathom
④⑯②⒀⑶	fatigue
④⒇⑪②⑥	faults
④⒇⑪②⑬	faulty
④⒁⑷⒌⑵	favoured
④⒁⑷⒌⑹	favours
④⒀⑪②⑬	fealty
④⒍④⑯⑪	fearful
④⒍⑪⑯⑥	fearless
④⒍⑥⑯⑫	fearsome
④⒀⑥②⑥	feasts
④⑭⑸⒌⑵	feathered
④⑭⑸⒌⑹	feathers
④⑭⑸⒌⑬	feathery
④⒀⑧⒌⑵	featured
④⒀⑧⒌⑹	features
④⒀⑴⑯⑪	feeble
④⒀⑴⑪⑬	feebly
④⒀⑵⒌⑹	feeders
④⒀⑵⑬⑩	feeding
④⒀⑪⑬⑩	feeling
④⒀⑪⒂⑿	feline
④⑭⑪⒄⑹	fellows
④⒀⑫⒁⑪	female
④⑭⑿⑥②	fenced
④⑭⑿⑵⒌	fender
④⑭⑾⑯⑪	feral
④⑭⑾⑯②	ferret
④⑭⑾⑬⑵	ferried
④⑭⑾⑬⑹	ferries
④⒋②⒂⑪	fertile
④⒀②⑯⑪	fetal
④⑭⑧⑬⑩	fetching
④⑭②⑬⑦	fetish
④⒀②⑯⑥	foetus
④⒏⑵⑯⑪	feudal
④⒀⑷⒌⑵	fevered
④⒀⑷⒌⑹	fevers
④⒂⑴⒌⑹	fibres
④⑬③⑯⑪	fickle
④⑬⑵⑯⑪	fiddle
④⑬⑵⑪⒌	fiddler
④⒀⑪⑵⒌	fielder
④⒀⑪⑵⑹	fields
④⒍⑥⑪⑬	fiercely
④⑬④②⑬	fifty
④⒂②⒌⑹	fighters
④⒂②⑬⑩	fighting
④⑬⑶⒌⑵	figured
④⑬⑶⒌⑹	figures
④⒀⑻⒎⑿	fijian
④⑬⑪⒎⑪	filial
④⒂⑪⑬⑩	filing
④⑬⑪⒌⑹	fillers
④⑬⑪⑬②	fillet
④⑬⑪⑬⑩	filling
④⑬⑪⑬①	fillip
④⑬⑪⑫⑵	filmed
④⑬⑪⑫⑹	films
④⑬⑪②⒌	filter
④⑬⑪⑤⑬	filthy
④⒂⑿⑯⑪	final
④⒂⑿⑵⒌	finder
④⒂⑿⑵⑹	finds
④⒂⑿⑪⑬	finely
④⒂⑿⒌⑬	finery
④⑬⑿⑭⑥	finesse
④⑬⑩⑶⒌	finger
④⑬⑿⑬⑦	finish
④⒂⑿⒂②	finite
④⒂⒌⒈⑫	firearm
④⒂⒌⑬⑩	firing
④⒋⑫⑪⑬	firmly
④⒋⑥②⑥	firsts
④⑬⑦⒌⑬	fishery
④⑬⑦⑯⑹	fishes
④⑬⑦⑬⑩	fishing
④⑬⑦⑯⑿	fission
④⑬⑦⒌⑹	fissures
④⑬⑥②⑥	fists
④⑬②⑯⑵	fitted
④⑬②⒌⑹	fitters
④⑬②⑬⑩	fitting
④⑬③⑥②	fixed
④⑪⑮⑴⑬	flabby
④⑪⑮⑶⑹	flags
④⑪⒁③⑥	flakes
④⑪⒁⑫⑹	flames
④⑪⑮⑩③	flank
④⑪⑮①②	flapped
④⑪⑮①⑥	flaps
④⑪⒊⑬⑩	flaring
④⑪⑮⑦②	flashed
④⑪⑮⑦⑬	flashy
④⑪⑳⑥③	flask
④⑪⑮②⑥	flats
④⑪⑮②⒌	flatter
④⑪⒁⑷⒌	flavour
④⑪⑮③⑥	flax
④⑪⑭③⑥	flex
④⑪⒀⑬⑩	fleeing
④⑪⒀②⑥	fleets
④⑪⑭⑦⑬	fleshy
④⑪⑬③②	flicked
④⑪⑬③⒌	flicker
④⑪⒂⒌⑹	flyers
④⑪⒂②⑥	flights
④⑪⑬⑿⑧	flinch
④⑪⑬⑿②	flint
④⑪⑬①②	flipped
④⑪⒄②⑥	floats
④⑪⑰③②	flocked
④⑪⑰③⑥	flocks
④⑪⒃⑵⑹	floods
④⑪⒉⑬⑩	flooring
④⑪⑰①②	flopped
④⑪⑰①⑬	floppy
④⑪⒉⑯⑪	floral
④⑪⑲⒌⑵	flowered
④⑪⑲⒌⑹	flowers
④⑪⑲⒌⑬	flowery
④⑪⒄⑬⑩	flowing
④⑪⒃④⑬	fluffy
④⑪⒅⑬⑵	fluid
④⑪⒃⑾⑬	flurry
④⑪⒃⑦②	flushed
④⑪⒅②⑥	flutes
④⑪⒃②⒌	flutter
④⑪⒃③⑥	flux
④⑪⒂⑬⑩	flying
④⒄③⑯⑪	focal
④⒄③⑯⑥	focus
④⒄⑪⑵⒌	folder
④⒄⑪⑵⑹	folds
④⒄⑪⑬⒄	folio
④⒄③⑪⒉	folklore
④⑰⑪⑬⑹	follies
④⑰⑪⒄⑵	followed
④⑰⑪⒄⒌	follower
④⑰⑪⒄⑹	follows
④⑰⑿②⑥	fonts
④⒅⑪⑬⑩	fooling
④⒅⑪⑬⑦	foolish
④⑱②⑬⑻	footage
④⑱②⑬⑩	footing
④⑱②⑼⒊	footwear
④⑰⑾⑬⑻	forage
④⑰⑾⒁⑹	forays
④⒌⑴⑮⑵	forbade
④⒌⑴⑬⑵	forbid
④⒉⑥⑯⑹	forces
④⒉⑥⑬⑩	forcing
④⒉⒈⑫⑹	forearms
④⒉③⒉②	forecourt
④⒉⑶⑰⑿	foregone
④⒉⑽⑭⑵	forehead
④⑰⑾⑬⑿	foreign
④⒉⑫⑯⑿	foreman
④⒉⑥⒀⑿	foreseen
④⒉⑥⒀⑹	foresees
④⒉⑥⒂②	foresight
④⒌⑭⑷⒌	forever
④⒉⑼⒋⑵	foreword
④⒉④⑬②	forfeit
④⒌⑶⒁⑷	forgave
④⒉⑻⒌⑬	forgery
④⒌⑶⑭②	forget
④⒉⑻⑬⑩	forging
④⒌⑶⑬⑷	forgive
④⒌⑶⑰②	forgot
④⒌⑪⒉⑿	forlorn
④⒉⑫⑯⑪	formal
④⒉⑫⑮②	format
④⒉⑫⑬⑩	forming
④⒌⑥⒁③	forsake
④⒉②⑬⑹	forties
④⒉⑧⒅⑿	fortune
④⒉⑯⑫⑹	forums
④⒉⑼⒌⑵	forward
④⑰⑥⑯⑪	fossil
④⑰⑥②⒌	foster
④⑲⑪⑬⑩	fouling
④⑲⑿⑵⒌	founder
④⒉⑥⑯⑫	foursome
④⒉②⒀⑿	fourteen
④⒉⑤⑪⑬	fourthly
④⑰③⑥⑬	foxy
④⑾⒁⑫⑵	framed
④⑾⒁⑫⑹	frames
④⑾⑮⑩③	frank
④⑾⒇⑵⑹	frauds
④⑾⒀⑬⑩	freeing
④⑾⒀⑪⑬	freely
④⑾⒀⑹⒌	freezer
④⑾⒁②⒌	freighter
④⑾⑭⑿⑧	french
④⑾⑭⑦⒌	fresher
④⑾⑭②⑥	frets
④⑾⒂⒌⑹	friars
④⑾⑭⑿⑵	friend
④⑾⑬⑪⑹	frills
④⑾⑬⑿⑻	fringe
④⑾⑰③⑥	frocks
④⑾⑰⑶⑹	frogs
④⑾⒃⑿②	front
④⑾⑰⑥②	frost
④⑾⑰⑤⑬	frothy
④⑾⑲⑿⑵	frowned
⑭④⒈⑭⑥	frs
④⑾⒅②⑥	fruits
④⑾⒅②⑬	fruity
④⑾⒂⑬⑩	frying
④⒏⑯⑪⑵	fuelled
④⒏⑯⑪⑹	fuels
④⒏⑫⑬⑩	fuming
④⒃⑿⑵⑹	funds
④⒃⑩⑶⒂	fungi
④⒃⑩③⑬	funky
④⒃⑿⑯⑪	funnel
④⒃⑿⑬⒌	funnier
④⒋⑪⑰⑩	furlong
④⒋⑿⑬⑥	furnace
④⒋⑿⑬⑦	furnish
④⒃⑾⒄⑹	furrows
④⒋②⑬⑷	furtive
④⑨⑱⒌⑬	fury
④⒏⑹⑯⑹	fuses
④⒏⑺⑯⑿	fusion
④⒃⑥⑬⑩	fussing
④⒏②⒂⑪	futile
④⒏⑧⒌⑹	futures
⑶⒁⑴⑯⑪	gable
⑶⑮⑻⑬②	gadget
⑶⒁⑪⑬③	gaelic
⑶⑮⑶⑯⑪	gaggle
⑶⒁⑬②⑬	gaiety
⑶⒁⑿⑬⑩	gaining
⑶⑮⑪⒌⑬	gallery
⑶⑮⑪⑬⑹	galleys
⑶⑮⑪⑬③	gallic
⑶⒇⑪⑬⑩	galling
⑶⑮⑪⑯⑿	gallon
⑶⑮⑪⑯①	gallop
⑶⑮⑪⒄⑹	gallows
⑶⑮⑫⑯②	gamut
⑶⑮⑩⑼⒁	gangway
⑶⒁①⑬⑩	gaping
⑶⑮⑾⑳⑺	garage
⑶⒈⑴⑬⑻	garbage
⑶⒈⑵⑯⑿	garden
⑶⒈⑪⑬③	garlic
⑶⒈⑿⑬②	garnet
⑶⒈⑿⑬⑦	garnish
⑶⑮⑾⑯②	garret
⑶⑮⑥⒎⑥	gaseous
⑶⑮⑥⑯⑹	gases
⑶⑳⑥①②	gasped
⑶⑳⑥①⑥	gasps
⑶⒁②⑼⒁	gateway
⑶⑮⑸⒌⑵	gathered
⑶⑮⑸⒌⑹	gathers
⑶⒁⑻⑯⑹	gauges
⑶⑯⑹⑭⑪	gazelle
⑶⒁⑹⑬⑩	gazing
⑻⑭⑿⑵⒌	gender
⑻⑭⑿⒌⑯	genera
⑻⒀⑿⒎⑪	genial
⑻⒀⑿⒎⑥	genius
⑻⒀⑿⒄⑫	genome
⑺⑳⑿⑾⑯	genre
⑻⑭⑿②⑥	gents
⑻⒀⑿⑯⑥	genus
⑻⒉⑻⑯⑿	georgian
⑻⒋⑫⑯⑿	german
⑻⑭⑥⑧⒌	gesture
⑶⑭②⑬⑩	getting
⑶⑭②⒄⑹	ghettos
⑶⒄⑥②⑥	ghosts
⑻⒂⑯⑿②	giant
⑻⑬⑴⑬②	gibbet
⑶⑬④②⑥	gifts
⑶⑬⑶⑯⑪	giggle
⑶⑬⑪②⑥	gilts
⑶⑬⑫⑬③	gimmick
⑻⑬⑿⑻⒌	ginger
⑻⑬①⑥⑬	gypsy
⑻⑬⑾⑳④	giraffe
⑶⒋⑵⒌⑹	girders
⑶⒋⑵⑯⑪	girdle
⑶⒋⑪⑬⑦	girlish
⑶⑬⑷⑯⑿	given
⑶⑬⑷⑬⑩	giving
⑶⑪⑮⑥⒍	glacier
⑶⑪⑮⑫⒌	glamour
⑶⑪⑳⑿⑥	glance
⑶⑪⑮⑿⑵	gland
⑶⑪⒊⑬⑩	glaring
⑶⑪⑳⑥⑬	glassy
⑶⑪⒁⑹⑵	glazed
⑶⑪⒀⑫⑵	gleamed
⑶⑪⒀⑿⑵	gleaned
⑶⑪⑭⑿⑹	glens
⑶⑪⒂⑵⒌	glider
⑶⑪⑬⑫⒌	glimmer
⑶⑪⑬⑿②	glint
⑶⑪⑬②⒌	glitter
⑶⑪⒅⑫⑬	gloomy
⑶⑪⒉⑬⑹	glories
⑶⑪⒉⒎⑥	glorious
⑶⑪⑰⑥②	glossed
⑶⑪⑰⑥⑬	glossy
⑶⑪⒃⑷⑵	gloved
⑶⑪⒃⑷⑹	gloves
⑶⑪⑲⒌⑵	glowered
⑶⑪⒄⑬⑩	glowing
⑶⑰⑵⑭⑥	goddess
⑶⑰⑵⑪⑬	godly
⑶⒄⑬⑩⑹	goings
⑶⑰⑪④⒌	golfer
⑶⑰⑿⒌⒎	gonorrhoea
⑶⑱⑵⑴⒂	goodbye
⑶⑱⑵⑬⑹	goodies
⑶⑱⑵⑪⑬	goodly
⑶⒉⑻⑯⑥	gorgeous
⑶⒉⑻⑯⑹	gorges
⑶⒌⑬⑪⑯	guerrilla
⑶⑰⑥⑬①	gossip
⑶⑰⑤⑬③	gothic
⑶⑰②⑯⑿	gotten
⑶⑱⒌⑫⒁	gourmet
⑶⒃⑷⒌⑿	govern
⑶⑾⑮⑴⑵	grabbed
⑶⑾⑮⑴⑹	grabs
⑶⑾⒁⑥②	graced
⑶⑾⒁⑵⑹	grades
⑶⑾⑳④②	graft
⑶⑾⒁⑿⑹	grains
⑶⑾⑮⑫⒌	grammar
⑶⑾⑮⑫⑹	grams
⑶⑾⑮⑿⑵	grand
⑶⑾⑮⑿⑬	granny
⑶⑾⑳⑿②	grant
⑶⑾⒁①⑥	grapes
⑶⑾⑮④⑥	graphs
⑶⑾⑳⑥①	grasp
⑶⑾⑳⑥⑬	grassy
⑶⑾⑳⑷⑹	graves
⑶⑾⒁⑷⑹	graves
⑶⑾⒁⑷⑬	gravy
⑶⑾⒁⑹⑵	grazed
⑶⑾⒀⑥②	greased
⑶⑾⒀⑥⑬	greasy
⑶⑾⒁②⒌	greater
⑶⑾⒁②⑥	greats
⑶⑾⒀⑵⑬	greedy
⑶⑾⒀③⑥	greeks
⑶⑾⒀⑿⒌	greener
⑶⑾⒀⑿⑹	greens
⑶⑾⒀②⑥	greets
⑶⑾⒁⑬⑦	greyish
⑶⑾⑬⑵⑹	grids
⑶⑾⑬⑪⑵	grilled
⑶⑾⑬⑪⑹	grilles
⑶⑾⒂⑫⑬	grimy
⑶⑾⒂⑿⑵	grind
⑶⑾⑬⑿⑵	grinned
⑶⑾⑬⑿⑹	grins
⑶⑾⑬①②	gripped
⑶⑾⑬①⑥	grips
⑶⑾⑬⑥②	grist
⑶⑾⑬②⑬	gritty
⑶⑾⒄⑿⑵	groaned
⑶⑾⒄⑿⑹	groans
⑶⑾⒄⑥⒌	grocer
⑶⑾⒅⑫⑵	groomed
⑶⑾⒅⑫⑹	grooms
⑶⑾⒅⑷⑹	grooves
⑶⑾⒅⑷⑬	groovy
⑶⑾⒄①②	groped
⑶⑾⑰②⒄	grotto
⑶⑾⑲⑿⑵	ground
⑶⑾⒅①②	grouped
⑶⑾⒅①⑥	groups
⑶⑾⒄⑷⑹	groves
⑶⑾⒄⒌⑹	growers
⑶⑾⒄⑬⑩	growing
⑶⑾⑲⑪⑵	growled
⑶⑾⒄⑤⑥	growths
⑶⑾⒃⑴⑬	grubby
⑶⑾⒃⑴⑹	grubs
⑶⑾⒃⑿②	grunt
⑶⒈⑵⑯⑵	guarded
⑶⒈⑵⒎⑿	guardian
⑶⒈⑵⑬⑩	guarding
⑶⑭⑥⑯⑹	guesses
⑶⑭⑥⑬⑩	guessing
⑶⑭⑥②⑥	guests
⑶⒂⑵⑯⑵	guided
⑶⒂⑵⑬⑩	guiding
⑶⑬⑪⑵⑹	guilds
⑶⑬⑪②⑬	guilty
⑶⑬⑿⑬⑹	guineas
⑶⑬⑿⑯⑥	guinness
⑶⒂⑹⑯⑹	guises
⑶⑬②⒈⑹	guitars
⑶⒃⑪⑬⑹	gullies
⑶⒃⑪①②	gulped
⑶⒃⑿⒌⑹	gunners
⑶⒃⑿⑬⑩	gunning
⑶⒅⑾⒅⑹	gurus
⑶⒃⑦⑬⑩	gushing
⑶⒃⑥②⒄	gusto
⑶⒃⑥②⑥	gusts
⑶⒃②⑯⑵	gutted
⑶⒃②⒌⑹	gutters
⑽⑮⑴⑬②	habit
⑽⑮③⑬⑩	hacking
⑽⑮③⑥⒇	hacksaw
⑽⑮⑵⑯③	haddock
⑽⑮⑶⒌⑵	haggard
⑽⒁⑪⑬⑩	hailing
⑽⒊③⒃②	haircut
⑽⒊⑪⒂⑿	hairline
⑽⒊①⑬⑿	hairpin
⑽⒁⑦⑯⑿	haitian
⑽⑳④⑼⒁	halfway
⑽⑮⑪⒄⑵	hallowed
⑽⒇⑪⑼⒁	hallway
⑽⒇⑪②⒌	halter
⑽⑳⑷⑬⑩	halving
⑽⑮⑫⒌⑵	hammered
⑽⑮⑫⒌⑹	hammers
⑽⑮⑫⑯③	hammock
⑽⑮⑫①⒌	hamper
⑽⑮⑿⑵⑹	hands
⑽⑮⑿⑵⑬	handy
⑽⑮⑩⒌⑹	hangers
⑽⑮⑩⑬⑩	hanging
⑽⑮⑩③⑬	hanky
⑽⑮①⑯⑿	happen
⑽⑮①⑬⒌	happier
⑽⒌⑮⑥②	harassed
⑽⒈⑴⒌⑹	harbours
⑽⒈⑵③⒉	hardcore
⑽⒈⑵⑯⑿	harden
⑽⒈⑵⑪⑬	hardly
⑽⒈⑵⑼⒊	hardware
⑽⒈⒀⑫⑹	harems
⑽⒈⑫⑬⑩	harming
⑽⒈⑿⑯⑥	harness
⑽⑮⑾⑬⒌	harrier
⑽⒈⑦⑪⑬	harshly
⑽⑮⑥⑯⑪	hassle
⑽⒁⑥⑯⑿	hasten
⑽⒁⑥②⑬	hasty
⑽⑮⑧⑯⑹	hatches
⑽⑮⑧⑯②	hatchet
⑽⒁②⑯⑵	hated
⑽⒁②⑬⑩	hating
⑽⒇⑪⑬⑻	haulage
⑽⒇⑪⑬⒌	haulier
⑽⒇⑪⒍⑹	hauliers
⑽⒇⑪⑬⑩	hauling
⑽⒇⑿②⑥	haunts
⑽⒁⑷⑯⑿	haven
⑽⑮⑷⑬⑩	having
⑽⑮⑷⑯③	havoc
⑽⒇⑤⒉⑿	hawthorn
⑽⑮⑹⒌⑵	hazard
⑽⒁⑹⑯⑪	hazel
⑽⑭⑵⒁③	headache
⑽⑭⑵⑯⑵	headed
⑽⑭⑵⒌⑹	headers
⑽⑭⑵⑶⒍	headgear
⑽⑭⑵⑬⑩	heading
⑽⑭⑵⑼⒁	headway
⑽⒀⑪⒌⑹	healers
⑽⒀⑪⑬⑩	healing
⑽⑭⑪⑤⑬	healthy
⑽⒍⑬⑩⑹	hearings
⑽⒈②⒁③	heartache
⑽⒈②⑯⑵	hearted
⑽⒀②⑯⑵	heated
⑽⒀②⒌⑹	heaters
⑽⒀②⑬⑩	heating
⑽⑭⑷⑯⑿	heaven
⑽⑭⑷⑬⒌	heavier
⑽⒀⑷⑬⑩	heaving
⑽⒀⑴⑾⒅	hebrew
⑽⑭③②⒊	hectare
⑽⑭⑻⑾⒄	hedgerow
⑽⑭⑻⑯⑹	hedges
⑽⑭⑻⑬⑩	hedging
⑽⒀⑵⑯⑵	heeded
⑽⑭④②⑬	hefty
⑽⑭④⒌⑹	heifers
⑽⒂②⑯⑿	heighten
⑽⒁⑿⑯⑥	heinous
⑽⒀⑪⒎⑫	helium
⑽⑭⑪⑬⑦	hellish
⑽⑭⑪①②	helped
⑽⑭⑪①⒌	helper
⑽⑭⑪①⑥	helps
⑽⒋⑴⑯⑪	herbal
⑽⒋⑵⑯⑵	herded
⑽⒋⑫⑬②	hermit
⑽⑭⑾⑯⑿	heron
⑽⑭⑾⑬⑩	herring
⑽⑬③⒃①	hiccup
⑽⑬⑵⑯⑿	hidden
⑽⑬⑵⒎⑥	hideous
⑽⒂⑵⑬⑩	hiding
⑽⒂⑯⑥②	highest
⑽⒂⑪⒂②	highlight
⑽⒂⑿⑯⑥	highness
⑽⒂⑼⒁⑹	highways
⑽⒂⑿⑵⑹	hinds
⑽⑬⑿⑵⒅	hindu
⑽⑬⑿⑻⑵	hinged
⑽⑬⑿②⑥	hints
⑽⑬①⑬⑹	hippies
⑽⒂⒌⑬⑩	hiring
⑽⑬⑥⑬⑩	hissing
⑽⑬②⑬⑩	hitting
⑽⒉⑵⑬⑩	hoarding
⑽⒉⑥⑪⑬	hoarsely
⑽⑰⑴⑬⑹	hobbies
⑽⒄⑪⑵⒌	holder
⑽⒄⑪⑵⑹	holds
⑽⑰⑪⒄⑹	hollows
⑽⑰⑫⑬⑻	homage
⑽⒄⑫⑪⑬	homely
⑰⑿⑯⑥②	honest
⑰⑿⒌⒌⑬	honorary
⑰⑿⒌⑬⑩	honouring
⑽⑱⑵⑯⑵	hooded
⑽⑱③⑬⑩	hooking
⑽⒄①⑬⑩	hoping
⑽⑰①⒌⑹	hoppers
⑽⑰①⑬⑩	hopping
⑽⒉⑫⒄⑿	hormone
⑽⑰⑾⑬⑵	horrid
⑽⑰⑾⒌⑹	horrors
⑽⒉⑥⑯⑹	horses
⑽⒉⑥⑦⒅	horseshoe
⑽⒄⑹⒍⑬	hosiery
⑽⒄⑥②⑥	hosts
⑽⒄②⑭⑪	hotel
⑽⑰②⑪⑬	hotly
⑽⑲⑿⑵⑹	hounds
⑽⑲⑹⑯⑹	houses
⑽⑲⑹⑬⑩	housing
⑽⑰⑷⒌⑵	hovered
⑽⑲⑭⑷⒌	however
⑽⑲⑪⑬⑩	howling
⑽⒃⑴⒃⑴	hubbub
⑽⒃⑵⑯⑪	huddle
⑽⒏⑻⑪⑬	hugely
⑽⒃⑶⑬⑩	hugging
⑽⒏⑫⑯⑿	human
⑽⒏⑫⒁⑿	humane
⑽⒏⑫⑬⑵	humid
⑽⒃⑫⑬⑩	humming
⑽⒃⑫①⑥	humps
⑽⒏⑫⑯⑥	humus
⑽⒃⑿⑧②	hunched
⑽⒃⑩⑶⒌	hunger
⑽⒃⑿②⒌	hunter
⑽⒃⑿②⑥	hunts
⑽⒋⑵⑯⑪	hurdle
⑽⒋⑵⑪⒌	hurdler
⑽⒋⑪⑬⑩	hurling
⑽⒃⑾⑬⑵	hurried
⑽⒋②⑬⑩	hurting
⑽⒃⑥③⑬	husky
⑽⒃⑥⑯⑪	hustle
⑽⒂⑵⑾⑯	hydra
⑽⒂⑻⒀⑿	hygiene
⑽⒂④⑯⑿	hyphen
⒂⑥⑴⒋⑶	iceberg
⒂⑥⑬⑪⑬	icily
⒂③⑰⑿⑹	icons
⒂⑵⒎⑪⑬	ideally
⒂⑵⒎⑪⑹	ideals
⑬⑵⒎⑫⑹	idioms
⑬⑵⒎②⑥	idiots
⒂⑵⑯⑪⑹	idols
⑬⑶⑿⒎⑥	igneous
⑬⑶⑿⒂②	ignite
⑬⑶⑿⒉⑵	ignored
⑬⑶⑿⒉⑹	ignores
⑬⑪⑿⑯⑥	illness
⑬⑫⑴⒏⑵	imbued
⑬⑫⑭⑿⑥	immense
⑬⑫⒋⑥②	immersed
⑬⑫①⒊⑵	impaired
⑬⑫①⒈②	impart
⑮⑫①⑳⑥	impasse
⑬⑫①⒀⑵	impede
⑬⑫①⑪⒂	imply
⑬⑫①⒉②	import
⑬⑫①⒄⑹	impose
⑬⑿⑴⒉⑿	inborn
⑬⑿⑧⑯⑹	inches
⑬⑿③⒃⑫	income
⑬⑿③⒋⑵	incurred
⑬⑿⑵⒀⑵	indeed
⑬⑿⑵⒎⑿	indian
⑬⑿⑵⒉⑹	indoors
⑬⑿⑵⒏⑥	induce
⑬⑿⑭①②	inept
⑬⑿⒋⑦⑯	inertia
⑬⑿④⒍⒍	inferior
⑬⑿④⒋⑵	inferred
⑬⑿④⒋⑫	infirm
⑬⑿④⑪⒄	inflow
⑬⑿④⒉⑫	inform
⑬⑿⑻⒌⑵	injured
⑬⑿⑻⒌⑬	injury
⑬⑿⑪⑭②	inlet
⑬⑿⑫⒁②	inmate
⑬⑿⒌⑵⑹	innards
⑬⑿⑬⑩⑹	innings
⑬⑿①⑱②	input
⑬⑿⑥⒁⑿	insane
⑬⑿⑥⒋②	insert
⑬⑿⑥⑭②	inset
⑬⑿⑥⒂⑵	inside
⑬⑿⑥⒂②	insight
⑬⑿②⒁③	intake
⑬⑿②⒍⒍	interior
⑬⑿②⑾⒄	intro
⑬⑿⑷⒁⑵	invade
⑬⑿⑷⒋⑥	inverse
⑬⑿⑷⒂②	invite
⑬⑿⑷⒆⑥	invoice
⑬⑿⑷⒄③	invoke
⑬⑿⑼⒌⑵	inward
⒂⑯⑵⒀⑿	iodine
⒂⒄⑿⒎⑿	ionian
⒂⑰⑿⑬③	ionic
⑬⑾⑳③⑬	iraqi
⒋③⑥⑯⑫	irksome
⒂⒌⑿⑬⑩	ironing
⒂⑾⑯⑿⑬	irony
⑬⑹⑪⑳⑫	islam
⒂⑪⑯⑿⑵	island
⑬⑦⒅⑬⑩	issuing
⒂②⑯⑫⑹	items
⑻⑮⑴⑬⑩	jabbing
⑻⑮③⑯②	jacket
⑻⒁⑵⑯⑵	jaded
⑻⑮⑶⑯⑵	jagged
⑻⑮⑫⑬⑩	jamming
⑻⒈⑶⑯⑿	jargon
⑻⒇⑿②⑬	jaunty
⑻⑭⑪⑯⑥	jealous
⑻⑭⑪⑬⑹	jellies
⑻⒋③⑬⑿	jerkin
⑻⒋③⑬⑩	jerking
⑻⒋⑹⑬⑹	jerseys
⑻⒅⑯⑪⑵	jewelled
⑻⒅⑯⑪⒌	jeweller
⑻⒅⑯⑪⑹	jewels
⑻⑬⑶⑥⒇	jigsaw
⑻⑰③⑬⑹	jockeys
⑻⑰⑶⑬⑩	jogging
⑻⒆⑿⒌⑹	joiners
⑻⒆⑿⒌⑬	joinery
⑻⒆⑿⑬⑩	joining
⑻⒆⑿②⑥	joints
⑻⒆⑥②⑥	joists
⑻⒄③⑬⑩	joking
⑻⒋⑿⑯⑪	journal
⑻⒋⑿⑬⑵	journeyed
⑻⒋⑿⑬⑹	journeys
⑻⒄⑷⒎⑪	jovial
⑻⒆④⑯⑪	joyful
⑻⒃⑻⑯⑹	judges
⑻⒃⑻⑬⑩	judging
⑻⒃⑶⑯⑪	juggle
⑻⒅⑥⑯⑹	juices
⑻⒃⑫⑴⒄	jumbo
⑻⒃⑫①②	jumped
⑻⒃⑫①⒌	jumper
⑻⒃⑫①⑥	jumps
⑻⒃⑫①⑬	jumpy
⑻⒅⑿⒍⑹	juniors
⑻⒃⑩③⑬	junkie
⑽⑱⑿②⑯	junta
⑻⑱⒌⑬⑹	juries
⑻⑱⒌⒌⑹	jurors
⑻⒃②⑯⑵	jutted
⑻⒃②⑬⑩	jutting
③⒌⑳②⑬	karate
③⒀⑿⑪⑬	keenly
③⒀①⒌⑹	keepers
③⒀①⑬⑩	keeping
③⑭⑿⑯⑪	kennel
③⑭⑧⑯①	ketchup
③⑭②⑯⑪	kettle
③⒀⑴⒉⑵	keyboard
③⒀⑽⒄⑪	keyhole
③⒀⑿⒄②	keynote
③⒀⑼⒋⑵	keyword
③⑬③⑬⑩	kicking
③⑬⑵⑬⑹	kiddies
③⑬⑵⑬⑩	kidding
③⑬⑵⑿⑬	kidney
③⑬⑪⒌⑹	killers
③⑬⑪⑬⑩	killing
③⑬⑪⑿⑹	kilns
③⒀⑪⒄⑹	kilos
③⒂⑿⑵⒌	kinder
③⒂⑿⑵⑹	kinds
③⑬⑩③⑬	kinky
③⒀⑰⑥③	kiosk
③⑬①⒌⑹	kippers
③⑬⑥⑯⑹	kisses
③⑬⑥⑬⑩	kissing
③⑬⑧⑬⑿	kitchen
③⑬②⑯⑿	kitten
③⒀⑼⒀⑹	kiwis
⑿⑮③⒌⑵	knackered
⑿⒀⑵⑬⑩	needing
⑿⒀⑪⑬⑩	kneeling
⑿⑬③⒌⑹	knickers
⑿⒂②⑯⑵	knighted
⑿⒂②⑪⑬	nightly
⑿⑬②⑯⑵	knitted
⑿⑬②⒌⑹	knitters
⑿⑬②⑬⑩	knitting
⑿⑬②⑼⒊	knitwear
⑿⑰⑴⑪⑬	knobbly
⑿⑰③⑬⑩	knocking
⑿⑰③⑲②	knockout
⑿⑰②⑯⑵	knotted
⑿⑰⑪⑬⑻	knowledge
⑿⒃③⑯⑪	knuckle
③⒌⒎⑿⑹	koreans
③⒏⑵⑰⑥	kudos
⑪⒁⑴⑯⑪	label
⑪⒁⑴⒌⑵	laboured
⑪⒁⑴⒌⒌	labourer
⑪⒁⑴⒌⑹	labours
⑪⒁⑥⑯⑹	laces
⑪⑮③⑬⑩	lacking
⑪⑮⑵⒌⑹	ladders
⑪⒁⑵⑯⑿	laden
⑪⒁⑵⑬⑹	ladies
⑪⑮⑶⑬⑩	lagging
⑪⑯⑶⒅⑿	lagoon
⑪⒁⑬②⑬	laity
⑪⒁⑫⑪⑬	lamely
⑪⑮⑫①⑥	lamps
⑪⑮⑿⑵⑹	lands
⑪⑮⑩③⑬	lanky
⑪⑯①⑭⑪	lapel
⑪⑮①⑬⑩	lapping
⑪⑮①⑥②	lapsed
⑪⒈⑻⑪⑬	largely
⑪⒈⑻⑭⑥	largesse
⑪⒈⑷⑯⑪	larval
⑪⒁⑹⒌⑹	lasers
⑪⑮⑦⑯⑹	lashes
⑪⑮⑦⑬⑩	lashing
⑪⑮⑥⑯⑹	lasses
⑪⑳⑥②⑥	lasts
⑪⒁②⑪⑬	lately
⑪⑮②⑬⑿	latin
⑪⑮②⑬⑥	lattice
⑪⑳④⑬⑩	laughing
⑪⑳④②⒌	laughter
⑪⒇⑿⑧②	launched
⑪⒇⑿⑧⒌	launcher
⑪⑰⑾⑯⑪	laurel
⑪⑮⑷⑬⑦	lavish
⑪⒇④⑯⑪	lawful
⑪⒇⑪⑯⑥	lawless
⑪⒇⑥⒅②	lawsuit
⑪⒇⑨⒌⑹	lawyers
⑪⒁⑫⑯⑿	layman
⑪⒁⑫⑭⑿	laymen
①⑲⑿⑵⑹	pounds
⑪⑭⑵⑯⑵	leaded
⑪⑭⑵⑯⑿	leaden
⑪⒀⑵⒌⑹	leaders
⑪⒀⑵⑬⑩	leading
⑪⒀④⑬⑩	leafing
⑪⒀③⑬⑻	leakage
⑪⒀③⑬⑩	leaking
⑪⒀⑿⑬⑩	leaning
⑪⒀①⑬⑩	leaping
⑪⒋⑿⑯⑵	learned
⑪⒋⑿⒌⑹	learners
⑪⒋⑿⑬⑩	learning
⑪⒀⑥⑯⑹	leases
⑪⒀⑥⑬⑩	leasing
⑪⑭⑸⒌⑹	leathers
⑪⒀⑷⒌⑹	levers
⑪⒀⑷⑬⑩	leaving
⑪⑭③⑧⒌	lecture
⑪⑭⑻⒌⑹	ledgers
⑪⑭⑻⑯⑹	ledges
⑪⒀⑧⑯⑹	leeches
⑪⒀⑼⒌⑵	leeward
⑪⒀⑶⑯⑪	legal
⑪⑭⑶⑯②	legate
⑪⒀⑻⑯⑿	legion
⑪⑭⑫⑯⑿	lemon
⑪⑭⑿⑵⒌	lender
⑪⑭⑿⑵⑹	lends
⑪⑭⑩⑤⑥	lengths
⑪⑭⑩⑤⑬	lengthy
⑪⑭①⒌⑵	leopard
⑪⑭①⒌⑹	lepers
⑪⒀⑺⑯⑿	lesion
⑪⑭⑥⑯⑿	lesson
⑪⒀⑤⑯⑪	lethal
⑪⑭②⒌⑹	letters
⑪⑭②⑬⑩	letting
⑪⑭②⑬⑥	lettuce
⑪⑭⑷⑯⑪	level
⑪⑭⑷⑬⑵	levied
⑪⑭⑷⑬⑹	levies
⑪⒂⑴⑯⑪	libel
⑪⑬⑴⒎⑿	libyan
⑪⒂③⑯⑿	lichen
⑪⑬③⑬⑩	licking
⑪⑬④②⑥	lifts
⑪⒂②⑯⑵	lighted
⑪⒂②⑯⑿	lighten
⑪⒂②⒌⑹	lighters
⑪⒂②⑬⑩	lighting
⑪⒂②⑪⑬	lightly
⑪⒂③⑪⑬	likely
⑪⒂③⑬⑩	liking
⑪⒂⑪⑯③	lilac
⑪⑬⑪⑬⑹	lilies
⑪⑬⑫⑴⒄	limbo
⑪⑬⑫⑬②	limit
⑪⑬⑫①②	limped
⑪⑬⑿⑬⑿	linen
⑪⒂⑿⒌⑹	liners
⑪⑬⑩⑶⒌	linger
⑪⒂⑿⑬⑩	lining
⑪⑬⑩③②	linked
⑪⑬⑩③⑥	links
⑪⒂⑯⑿⑹	lions
⑪⑬⑥⑯⑿	listen
⑪⑬⑥②⑥	lists
⑪⑬⑤⒎⑫	lithium
⑪⒀②⒌⑹	litres
⑪⑬②⒌⑵	littered
⑪⑬②⒌⑹	litters
⑪⑬②⑯⑪	little
⑪⒂⑷⑪⑬	lively
⑪⑬⑷⒌⑹	livers
⑪⑬⑷⒌⑬	livery
⑪⑬⑷⑬⑵	livid
⑪⑬⑷⑬⑩	living
⑪⑬⑹⒌⑵	lizard
⑪⒄⑵⑯⑵	loaded
⑪⒄⑵⑬⑩	loading
⑪⒄⑸⑬⑩	loathing
⑪⑰⑴⑬⑵	lobbied
⑪⑰⑴⑬⑹	lobbies
⑪⒄③⑯⑪	local
⑪⒄③⑳⑪	locale
⑪⒄③⒁②	locate
⑪⑰③⒌⑹	lockers
⑪⑰③⑯②	locket
⑪⑰③⑬⑩	locking
⑪⒄③⑯⑥	locus
⑪⑰⑻⒌⑹	lodgers
⑪⑰⑻⑯⑹	lodges
⑪⑰⑻⑬⑩	lodging
⑪⑰④②⑬	lofty
⑪⑰⑶⑬⑩	logging
⑪⑰⑻⑬③	logic
⑪⒄⑶⒄⑹	logos
⑪⑰⑪⑬⑩	lolling
⑪⒄⑿⑪⑬	lonely
⑪⑰⑩⑶⒌	longer
⑪⑰⑩⑬⑩	longing
⑪⑰⑩⑬⑦	longish
⑪⑱③⑬⑿	lookin'
⑪⑱③⑬⑩	looking
⑪⑱③⑲②	lookout
⑪⒅⑫⑬⑩	looming
⑪⒅①⑬⑩	looping
⑪⒅⑥⑪⑬	loosely
⑪⒅⑥⑯⑿	loosen
⑪⒅②⑯⑵	looted
⑪⒅②⑬⑩	looting
⑪⒉⑵⑪⑬	lordly
⑪⑰⑾⑬⑹	lorries
⑪⒅⑹⒌⑹	losers
⑪⒅⑹⑯⑹	loses
⑪⒅⑹⑬⑩	losing
⑪⑰⑥⑯⑹	losses
⑪⒄⑦⑯⑿	lotion
⑪⑰②⒌⑬	lottery
⑪⒄②⑯⑥	lotus
⑪⑲⑵⑪⑬	loudly
⑪⑲⑿⑻⑵	lounged
⑪⒃⑷⑪⑬	lovely
⑪⒃⑷⒌⑹	lovers
⑪⒃⑷⑬⑩	loving
⑪⑲⒌⑬⑩	lowering
⑪⒄⒌⑬⑩	lowering
⑪⒄⑯⑥②	lowest
⑪⒆⑯⑪⑬	loyally
⑭⑪①⒀⑹	lps
⑪⒅⑥⑬⑵	lucid
⑪⒃③⑬⒌	luckier
⑪⒃⑶⑬⑻	luggage
⑪⒃⑫⑴⒌	lumbar
⑪⒃⑫①⑥	lumps
⑪⒃⑫①⑬	lumpy
⑪⒃⑿⑻⑵	lunged
⑪⒋⑧⑬⑩	lurching
⑪⑱⒌⑬⑵	lurid
⑪⒋③⑬⑩	lurking
⑪⒃⑦⑯⑥	luscious
⑪⒃⑥②⒌	lustre
⑪⒃⑥②⑬	lusty
⑪⑬⑾⑬③	lyric
⑫⑯⑦⒀⑿	machine
⑫⑮⑵⑯⑫	madam
⑫⑯⑵⑳⑫	madame
⑫⑮⑵⑯⑿	madden
⑫⑯⑵⒍⑯	madeira
⑫⑮⑵⑪⑬	madly
⑫⑮⑶⑯②	maggot
⑫⑮⑻⑬③	magic
⑫⑮⑶①⒂	magpie
⑫⒁⑵⑯⑿	maiden
⑫⒁⑪⑬⑩	mailing
⑫⒁⑿⑪⑬	mainly
⑫⒁⑻⒌⑹	majors
⑫⒁③⒌⑹	makers
⑫⒁③⒃①	makeup
⑫⒁③⑬⑩	making
⑫⑯⑪⒁⑹	malaise
⑫⑯⑪⒊⒎	malaria
⑫⑮⑪⑬⑥	malice
⑫⑯⑪⒂⑿	malign
⑫⑮⑪⒈⑵	mallard
⑫⑮⑪⑯②	mallet
⑫⑮⑫⑯⑪	mammal
⑫⑮⑫⑯⑤	mammoth
⑫⑮⑿⑬⑻	manage
⑫⒁⑿⑻⒌	manger
⑫⑮⑩⑶⒄	mango
⑫⑮⑿⑬③	manic
⑫⑮⑿⑪⑬	manly
⑫⑮⑿⒌⑵	mannered
⑫⑮⑿⒌⑹	manners
⑫⑮⑿⑬⑩	manning
⑫⑮⑩③⑥	manx
⑫⒁①⑯⑪	maple
⑫⑮①⑬⑩	mapping
⑫⒈⑴⑯⑪	marble
⑫⒈⑧⒌⑹	marchers
⑫⒈⑧⑯⑹	marches
⑫⒈⑧⑬⑩	marching
⑫⒈⑻⑬⑿	margin
⑫⒌⒀⑿⑯	marina
⑫⒌⒀⑿⑹	marines
⑫⒈③⒌⑹	markers
⑫⒈③⑯②	market
⑫⒈③⑬⑩	marking
⑫⑮⑾⑬⑻	marriage
⑫⑮⑾⑬⑵	married
⑫⑮⑾⑬⑹	marries
⑫⒈⑦⑯⑪	martial
⑫⒈⑦⑯⑹	marshes
⑫⒈②⑬⑿	marten
⑫⒈⑦⑯⑿	martian
⑫⒈②⒌⑹	martyrs
⑫⒈⑷⑯⑪	marvel
⑫⑳⑥③②	masked
⑫⑳⑥③⑥	masks
⑫⒁⑥⑯⑿	mason
⑫⑮⑥⑳⑺	massage
⑫⑮⑥⑯⑹	masses
⑫⑮⑥⒀④	massif
⑫⑮⑥⑬⑷	massive
⑫⑳⑥②⒌	master
⑫⑳⑥②⑥	masts
⑫⑮⑧⑯⑹	matches
⑫⑮⑧⑬⑩	matching
⑫⒁②⑬⑩	mating
⑫⑮②⒌⑵	mattered
⑫⑮②⒌⑹	matters
⑫⑮②⑬⑩	matting
⑫⑯⑧⑱⒌	mature
⑫⒁⑽⑭⑫	mayhem
⑫⒁①⒄⑪	maypole
⑫⑭⑵⒄⑹	meadows
⑫⒀⑿⑬⑩	meaning
⑫⑭⑺⒌⑵	measured
⑫⑭⑺⒌⑹	measures
⑫⑭⑵⑯⑪	medal
⑫⒀⑵⒎⑪	medial
⑫⒀⑵⒎⑿	median
⑫⑭⑵⑬③	medic
⑫⒀⑵⒎⑫	medium
⑫⑭⑵⑪⑬	medley
⑫⒀③⑪⑬	meekly
⑫⒀②⑬⑩	meeting
⑫⑭⑪⑯⑿	melon
⑫⑭⑫⑴⒌	member
⑫⑭⑫⑼⒈	memoir
⑫⑭⑫⒌⑬	memory
⑫⑭⑫⒄⑹	memos
⑫⑭⑿⑯⑥	menace
⑫⒀⑿⒎⑪	menial
⑫⑭⑿②⒉	mentor
⑫⑭⑿⒏⑹	menus
⑫⒋⑥⑬⑹	mercies
⑫⒍⑯⑥②	merest
⑫⒋⑻⒌⑹	mergers
⑫⒋⑻⑯⑹	merges
⑫⒋⑻⑬⑩	merging
⑫⑭⑾⑬②	merit
⑫⒋⑫⒁⑵	mermaid
⑫⑭⑥⑬⑻	message
⑫⑬⑥⒂⑯	messiah
⑫⑭⑥⑬⑩	messing
⑫⑭②⑯⑪	metal
⑫⒀②⑯⑵	meted
⑫⒀②⒌⑹	metres
⑫⒀⑤⒁⑿	methane
⑫⑭⑤⑯⑵	method
⑫⑭⑤⑬⑪	methyl
⑫⑭②⑾⒄	metro
⑫⑬⑵⑵⒁	midday
⑫⑬⑵⑯⑪	middle
⑫⑬⑻⑯⑹	midges
⑫⑬⑻⑯②	midget
⑫⑬⑵⑥②	midst
⑫⑬⑵⑼⒁	midway
⑫⒂⑪⑵⒌	milder
⑫⑬⑪⑵⒏	mildew
⑫⒂⑪⑬⑻	mileage
⑫⒀⑪⑨⒋	milieu
⑫⑬⑪③⑬	milky
⑫⑬⑪⑯②	millet
⑫⑬⑪⑬⑩	milling
⑫⑬⑫⑬③	mimic
⑫⑬⑿⑥②	minced
⑫⒂⑿⑵⒌	minder
⑫⒂⑿⑵⑹	minds
⑫⒂⑿⒌⑹	miners
⑫⒂⑿⑬⑩	mining
⑫⑬⑿⒄⑹	minnows
⑫⑬⑿②⑥	mints
⑫⒂⑿⑯⑥	minus
⑫⑬⑿⑬②	minute
⑫⒂⑿⒏②	minute
⑫⑬⑾⑳⑺	mirage
⑫⑬⑾⒌⑵	mirrored
⑫⑬⑾⒌⑹	mirrors
⑫⑬⑹⒌⑬	misery
⑫⑬⑥⑯⑹	misses
⑫⑬⑥⒂⑪	missile
⑫⑬⑥⑬⑩	missing
⑫⑬⑦⑯⑿	mission
⑫⑬⑥⑬⑹	missus
⑫⑬⑥②⒌	mister
⑫⑬⑥②⑥	mists
⑫⑬⑥②⑬	misty
⑫⑬⑥⒏⑥	misuse
⑫⑬③⑥②	mixed
⑫⑬③⑥⒌	mixer
⑫⒄⑿⑬⑩	moaning
⑫⒄⑴⒂⑪	mobile
⑫⑰③⒌⑬	mockery
⑫⑰③⑬⑩	mocking
⑫⒄⑵⑯⑪	modal
⑫⑰⑵⑯⑪	model
⑫⒄⑵⑭⑫	modem
⑫⑰⑵⒌⑿	modern
⑫⑰⑻⒅⑪	module
⑫⒄⑶⑯⑪	mogul
⑫⒆⑥⑧⒌	moisture
⑫⒄⑪⒌⑹	molars
⑫⑰⑿⒌③	monarch
⑫⒃⑿⑬⑹	monies
⑫⒃⑩③⑬	monkey
⑫⒃⑩③⑥	monks
⑫⑯⑥⑨⒋	monsieur
⑫⒃⑿⑤⑥	months
⑫⑱⒌⑬⑦	moorish
⑫⒅②⑯⑵	mooted
⑫⑰①⑬⑩	mopping
⑫⑰⑾⑯⑪	moral
⑫⒉⑴⑬⑵	morbid
⑫⒉⒄⑷⒌	moreover
⑫⒉⑿⑬⑩	morning
⑫⒉④⒀⑫	morpheme
⑫⒉④⒀⑿	morphine
⑫⒉⑥⑯⑪	morsel
⑫⒉②⑯⑪	mortal
⑫⒉②⒌⑹	mortars
⑫⒉⑶⑬⑻	mortgage
⑫⒉⑧⒌⑬	mortuary
⑫⑰⑥③⑥	mosques
⑫⑰⑥⑯⑹	mosses
⑫⒄②⑭⑪	motel
⑫⒃⑸⒌⑹	mothers
⑫⒄②⒀④	motif
⑫⒄⑦⑯⑿	motion
⑫⒄②⑬⑷	motive
⑫⑰②⑪⑬	motley
⑫⒄②⒌⑹	motors
⑫⒄⑪⑵⑹	moulds
⑫⒄⑪⑵⑬	mouldy
⑫⑲⑿⑵⑹	mounds
⑫⑲⑿②⑥	mounts
⑫⒉⑿⒌⑹	mourners
⑫⑲⑸⑬⑩	mouthing
⑫⒅⑷⒌⑹	movers
⑫⒅⑷⑬⑹	movies
⑫⒅⑷⑬⑩	moving
⑫⒃③⑬⑩	mucking
⑫⒏③⑯⑥	mucus
⑫⒃⑵⑯⑪	muddle
⑫⒏⑹⑪⑬	muesli
⑫⒃④②⑬	mufti
⑫⒃⑶⒌⑹	muggers
⑫⒃⑫⑬⑹	mummies
⑫⒋⑵⒌⑵	murdered
⑫⒋⑵⒌⒌	murderer
⑫⒋⑵⒌⑹	murders
⑫⒋⑫⒌⑵	murmured
⑫⒋⑫⒌⑹	murmurs
⑫⒃⑥⑯⑪	muscle
⑫⒏⑹⒎⑫	museum
⑫⒏⑹⑬③	music
⑫⒏⑹⑬⑩	musing
⑫⒃⑥②⒌	muster
⑫⒃⑥②⑬	musty
⑫⒏②⑯⑵	muted
⑫⒏②⑪⑬	mutely
⑫⒃②⒌⑵	muttered
⑫⒃②⑯⑿	mutton
⑫⒃⑹⑯⑪	muzzle
⑫⑬⑾⒎⑵	myriad
⑿⑮⑶⑬⑩	nagging
⑿⒁③⑯⑵	naked
⑿⒁⑫⑪⑬	namely
⑿⒁⑫⑬⑩	naming
⑿⑮⑿⑬⑹	nannies
⑿⑮①⑬⑹	nappies
⑿⒌⒁②⒌	narrator
⑿⑮⑾⒄⑵	narrowed
⑿⑮⑾⒄⒌	narrower
⑿⑮⑾⒄⑹	narrows
⑿⒁⑹⑯⑪	nasal
⑿⑳⑥②⑬	nasty
⑿⒁②⑯⑪	natal
⑿⒁⑦⑯⑿	nation
⑿⒁②⑬⑷	native
⑿⒁⑧⒌⑹	natures
⑿⒇⑹⒎⑥	nauseous
⑿⒁⑷⑯⑪	naval
⑿⒁⑷⑬⑹	navies
⑿⑮⑷⑬⑹	navvies
⑿⑳②⑥⑬	nazi
⑿⒍⑯⑥②	nearest
⑿⒍⑿⑯⑥	nearness
⑿⒍⑥⒂⑵	nearside
⑿⒀②⑪⑬	neatly
⑿⑭③②⒌	nectar
⑿⒀⑵⑯⑵	needed
⑿⒀⑵⑯⑪	needle
⑿⑬⑶⒁②	negate
⑿⒀⑶⑾⒄	negro
⑿⒁⑴⒌⑹	neighbours
⑿⑭④⒏⑹	nephews
⑿⒋⑷⑯⑥	nervous
⑿⑭⑥②⑥	nests
⑿⑭②⑯⑵	netted
⑿⑭②⑬⑩	netting
⑿⑭②⑯⑪	nettle
⑿⒏⑴⒉⑿	newborn
⑿⒏⑯⑥②	newest
⑿⒏⑿⑯⑥	newness
⑿⑭③⑥②	next
⑿⒂⑥⑪⑬	nicely
⑿⒀⑦⑯⑹	niches
⑿⑬③⑯⑪	nickel
⑿⑬③⑬⑩	nicking
⑿⒀⑥⑯⑹	nieces
⑿⑬④②⑬	nifty
⑿⒂②⑫⒊	nightmare
⑿⒂⑿②⑬	ninety
⑿⑬①⑬⑩	nipping
⑿⑬①⑯⑪	nipple
⑿⒃⑫⑴⒌	number
⑿⒄⑴⑯⑪	noble
⑿⒄⑴⑪⑬	nobly
⑿⑰⑵⑯⑵	nodded
⑿⑰⑵⑬⑩	nodding
⑿⒆⑹⑯⑹	noises
⑿⒉⑵⑬③	nordic
⑿⒉⑫⑯⑪	normal
⑿⒉⑫⑯⑿	norman
⑿⒉⑸⒌⑿	northern
⑿⒄⑹⑯⑹	noses
⑿⒄②⑯⑵	noted
⑿⒃⑤⑬⑩	nothing
⑿⒄②⑬⑥	notice
⑿⒄②⑬⑩	noting
⑿⒄⑦⑯⑿	notion
⑿⒃⑾⑬⑦	nourish
⑿⑰⑷⑯⑪	novel
⑿⑰⑷⑬⑥	novice
⑿⑰⑹⑯⑪	nozzle
⑿⒏⑳⑿⑥	nuance
⑿⒏③⑪⒍	nuclear
⑿⒃⑻⑬⑩	nudging
⑿⒃⑿⒌⑬	nunnery
⑿⒋⑥⒌⑬	nursery
⑿⒋⑥⑯⑹	nurses
⑿⒋⑥⑬⑩	nursing
⑿⒋⑧⒌⑵	nurtured
⑿⒂⑪⑰⑿	nylon
⑿⑬⑫④⑥	nymphs
⑯③⑪⑰③	o'clock
⒄⒁⑥⒀⑹	oases
⒄⒁⑥⑬⑥	oasis
⒄②⑫⒀⑪	oatmeal
⑯⑴⒁⑬⑩	obeying
⑯⑴⑪⒂⑻	oblige
⑯⑴⑪⒀③	oblique
⑰⑴⑪⑰⑩	oblong
⑯⑴⑥⒀⑿	obscene
⑯⑴⑹⒋⑷	observe
⑯⑴②⒁⑿	obtain
⑯⑴②⒏⑥	obtuse
⑰⑴⑷⒎⑥	obvious
⑰③⒃⑪②	occult
⑯③⒋⑬⑩	occurring
⒄⑦⑯⑿⑹	oceans
⑰③②⑬⑷	octave
⑰⑵⑯⑥②	oddest
⑰⑵⑬②⑬	oddity
⒄⑵⒌⑯⑥	odorous
⑯④⑭⑿⑥	offence
⑯④⑭⑿⑵	offend
⑰④⒌⑬⑩	offering
⑰④⑬⑥⒌	officer
⑰④⑥⑭②	offset
⑰④⑦⒅②	offshoot
⑰④⑥⒂⑵	offside
⒄⑪⑵⑯⑿	olden
⑰⑪⑬⑷⑹	olives
⑰⑫⑪⑯②	omelette
⒄⑫⑯⑿⑹	omens
⒄⑫⑬②⑥	omits
⒄⑿⒌⑯⑥	onerous
⒃⑿⑨⑯⑿	onion
⑰⑿⑪⒂⑿	online
⑰⑿⑥⑭②	onset
⑰⑿⑼⒌⑵	onward
⒄①⑯⑿⑵	opened
⒄①⑯⑿⒌	opener
⒄①⑯⑿⑹	opens
⑰①⒌⑯⑹	operas
⑰①⒌⒁②	operate
⑯①⒄⑹⑵	opposed
⑰①②⑯⑵	opted
⑰①②⑬③	optic
⑰①②⑬⑩	opting
⑰①⑦⑯⑿	option
⑰⑾⑬⑿⑻	orange
⑰⑾⑯②⒌	orator
⒉⑴⑬②⑥	orbits
⒉⑧⒌⑵⑹	orchards
⒉③⑬⑵⑹	orchids
⒉⑵⒁⑿⑵	ordained
⒉⑵⒌⑬⑩	ordering
⒉⑵⒌⑪⑬	orderly
⒉⑶⑯⑿⑹	organs
⒉④⑯⑿⑹	orphans
⑲⑿⑥⑯⑹	ounces
⑲⑥②⑯⑵	ousted
⑲②⑴⑮③	outback
⑲②③⒃⑫	outcome
⑲②③⑾⒂	outcry
⑲②⑵⒃⑿	outdone
⑲②⑵⒉⑹	outdoors
⑲②④⑬②	outfit
⑲②④⑪⒄	outflow
⑲②⑽⑲⑥	outhouse
⑲②⑬⑩⑹	outings
⑲②⑪⒇⑵	outlawed
⑲②⑪⒇⑹	outlaws
⑲②⑪⒁⑹	outlays
⑲②⑪⑭②	outlet
⑲②⑪⒂⑿	outline
⑲②⑪⑱③	outlook
⑲②①⑱②	output
⑲②⑾⒁⑻	outrage
⑲②⑾⒂②	outright
⑲②⑥⑭②	outset
⑲②⑥⒂⑵	outside
⑲②⑥⒂⑹	outsize
⑲②⑼⒌⑵	outward
⑲②⑼⒁⑵	outweighed
⑲②⑼⒁⑹	outweighs
⑲②⑼⑬②	outwit
⒄⑷⒌⑬⑹	ovaries
⒃⑷⑯⑿⑹	ovens
⒄⑷⒌⒇⑪	overall
⒄⑷⒌⒇⑵	overawed
⒄⑷⒌⑵⒅	overdo
⒄⑷⒌⑵⒏	overdue
⒄⑷⒌⑪⒁	overlay
⒄⑷⒌⑪⑬	overly
⒄⑷⒌⑷⒏	overview
⑰③⑥⑯⑿	oxen
⑰③⑥⒂⑵	oxide
⒆⑥②⒌⑹	oysters
①⒁⑥⑯⑹	paces
①⒁⑥⑬⑩	pacing
①⑮③⑬⑻	package
①⑮③⑯②	packet
①⑮③⑬⑩	packing
①⑮③②⑥	pacts
①⑮⑵⑯⑵	padded
①⑮⑵⑬⑩	padding
①⑮⑵⑯⑪	paddle
①⑮⑵⑯③	paddock
①⒁⑶⑯⑿	pagan
①⒁⑻⑯⑹	pages
①⒁⑿②⒌	painter
①⒁⑿②⑥	paints
①⑮⑪⑯⑥	palace
①⑮⑪⑯②	palette
①⑮⑪⑬⑵	pallid
①⒇⑪⑹⑬	palsy
①⑯⑿⑮⑦	panache
①⑮⑿⑵⑯	panda
①⑮⑿⑯⑪	panel
①⑮⑿⑬③	panic
①⑮⑿⑤⒌	panther
①⑮⑿②⒄	panto
①⑮⑿②⑥	pants
①⒁①⑯⑪	papal
①⒁①⒌⑹	papers
①⒌⒁⑵⑹	parades
①⒈⑥⑯⑪	parcel
①⒈⑵⑯⑿	pardon
①⒊⑯⑿②	parent
①⑮⑾⑬⑦	parish
①⒈③⑬⑩	parking
①⑮⑾⑯②	parrot
①⒈⑥⑪⑬	parsley
①⒈⑥⑯⑿	parson
①⒈②⒁③	partake
①⒈②⑯⑵	parted
①⒈⑦⑯⑪	partial
①⒈②⑬⑹	parties
①⒈②⑬⑩	parting
①⒈②⑪⑬	partly
①⒈②⑿⒌	partner
①⑮⑥⑬⑻	passage
①⑳⑥⑯⑹	passes
①⑳⑥⑬⑩	passing
①⑮⑦⑯⑿	passion
①⑮⑥⑬⑷	passive
①⑳⑥②⑯	pasta
①⑳⑥②⒌	pastor
①⑳⑥⑧⒌	pasture
①⑮⑧⑯⑹	patches
①⒁⑤⑰⑥	pathos
①⑳⑤⑼⒁	pathway
①⑮②⑬⒄	patio
①⑮②⑯⑵	patted
①⑮②⒌⑿	pattern
①⑮②⑬⑩	patting
①⒇①⒌⑹	paupers
①⒇⑹⑯⑹	pauses
①⒇⑹⑬⑩	pausing
①⒁⑷⑬⑩	paving
①⒁⑾⒄⑪	payroll
①⒀⑧⑯⑹	peaches
①⒀③⑰③	peacock
①⒀⑿⒃②	peanut
①⑭⑴⑯⑪	pebble
①⑭③⑬⑩	pecking
①⑭⑵⑯⑪	pedal
①⑭⑵⑪⒌	pedlar
①⒀⑪⑬⑩	peeling
①⒀①⑬⑩	peeping
①⑭⑪⑯②	pellet
①⒀⑿⑯⑪	penal
①⒀⑿⑬⑥	penis
①⑭⑿⑬⑹	pennies
①⒀①⑯⑪	people
①⑭①⒌⑹	peppers
①⒌⑥⒀⑷	perceive
①⒌④⒉⑥	perforce
①⒌④⒉⑫	perform
①⒋④⒏⑫	perfume
①⑭⑾⑯⑪	peril
①⒍⒎⑵⑹	periods
①⑭⑾⑬⑦	perish
①⒋⑻⒌⑬	perjury
①⒋⑫⑬②	permit
①⒌⑫⑬②	permit
①⒋⑺⑯⑿	persian
①⒋⑥⑯⑿	person
①⒌⑷⒋⑥	perverse
①⒋⑷⒋②	pervert
①⒌⑷⒋②	pervert
①⒁⑥⒄⑹	pesos
①⑭⑥②⑥	pests
①⑭②⑯⑪	petal
①⒀②⒌⑵	petered
①⑯②⒀②	petite
④⑮⑪⑬③	phallic
④⒁⑹⑯⑹	phases
④⒁⑹⑬⑩	phasing
④⒄⑿⒀⑫	phoneme
④⒄⑿⑬⑩	phoning
④⒄②⑰⑿	photon
④⒄②⒄⑹	photos
④⑾⒁⑹⑵	phrased
④⑬⑹⑬③	physic
④⑬⑹⒀③	physique
①⑬⑮⑿⒄	piano
①⑬③⒌⑹	pickers
①⑬③⑯②	picket
①⑬③⑬⑩	picking
①⑬③⑯⑪	pickle
①⑬③⒃①	pickup
①⑬③⑧⒌	picture
①⒀⑥⑯⑹	pieces
①⒍⑥⑬⑩	piercing
①⒂⑯②⑬	piety
①⑬⑻⑯⑿	pigeon
①⒂⑪⑬⑩	piling
①⑬⑪⒌⑹	pillars
①⑬⑪⒄⑹	pillows
①⒂⑪⑯②	pilot
①⑬⑿⑧②	pinched
①⑬⑩③⑥	pinks
①⑬⑿⑬⑩	pinning
①⒂⑿②⑥	pints
①⒂⑯⑿⒍	pioneer
①⑬①⑭②	pipette
①⒂①⑬⑩	piping
①⒂⑾⑯②	pirate
①⑬⑧⑯⑹	pitches
①⑬⑧⑬⑩	pitching
①⑬⑷⑯②	pivot
①⒀②⑥⑯	pizza
①⑪⒁⑥②	placed
①⑪⒁⑶⑵	plagued
①⑪⒁⑿⑹	planes
①⑪⑮②⑥	plaits
①⑪⑮⑩③	plank
①⑪⑮⑿⑵	planned
①⑪⑮⑿⒌	planner
①⑪⑮⑿⑹	plans
①⑪⑳⑿②	plant
①⑪⑳③⑥	plaques
①⑪⑮②⒄	plateau
①⑪⒁②⑥	plates
①⑪⑮②⒌	platter
①⑪⒁⑴⒆	playboy
①⑪⒁⒌⑹	players
①⑪⒁⑬⑩	playing
①⑪⒀⑵⑹	pleads
①⑪⒀⑹⑵	pleased
①⑪⑭⑺⒌	pleasure
①⑪⒀②⑥	pleats
①⑪⑭⑻⑵	pledged
①⑪⒂⒌⑹	pliers
①⑪⑬⑿⑤	plinth
①⑪⑰②⑥	plots
①⑪⑰②⒌	plotter
①⑪⑲⑬⑩	ploughing
①⑪⒃⑷⒌	plover
①⑪⒃③②	plucked
①⑪⒃③⑬	plucky
①⑪⒃⑶⑵	plugged
①⑪⒃⑶⑹	plugs
①⑪⒃⑫⒌	plumber
①⑪⒅⑫⑹	plumes
①⑪⒃⑫①	plump
①⑪⒃⑫⑹	plums
①⑪⒃⑿⑻	plunge
①⑪⒂⑬⑩	plying
①⒄⑧⒌⑹	poachers
①⒄⑧⑬⑩	poaching
①⑰③⑯②	pocket
①⒄⑵⒎⑫	podium
①⒄⑯⑫⑹	poems
①⒄⑯②⑥	poets
①⒆⑿②⒌	pointer
①⒆⑿②⑥	points
①⒆⑹⑯⑿	poison
①⒄③⑬⑩	poking
①⑯⑪⒀⑥	police
①⒄⑪⑬⒄	polio
①⑰⑪⑬⑦	polish
①⒄⑪⑬⑦	polish
①⑯⑪⒂②	polite
①⑰⑪⑯⑿	pollen
①⒄⑪⑬⑩	polling
①⑯⑪⒅②	pollute
①⑰⑪⑬①	polyp
①⑰⑿⑵⒌	ponder
①⑰⑿⑵⑹	ponds
①⒄⑿⑬⑹	ponies
①⒅⑵⑯⑪	poodle
①⒅⑪⑬⑩	pooling
①⑱⒌⑪⑬	poorly
①⒄①⑬⑦	popish
①⑰①⑪⒌	poplar
①⑰①⑬⑹	poppies
①⑰①⑬⑩	popping
①⒉⑧⑯⑹	porches
①⒉①⑯⑥	porpoise
①⑰⑾⑬⑻	porridge
①⒉②⑯⑪	portal
①⒉②⒌⑹	porters
①⒉②⑬⑩	porting
①⒉⑦⑯⑿	portion
①⒉②⑪⑬	portly
①⒉②⑾⒁	portray
①⒄⑹⑯⑹	poses
①⒄⑹⑬⑩	posing
①⑯⑹⑭⑥	possess
①⒄⑥②⒌	poster
①⒄⑥②⑥	posts
①⑰⑥⑧⒌	posture
①⒄⑦⑯⑿	potion
①⑰②⑯⑵	potted
①⑰②⒌⑹	potters
①⑰②⒌⑬	pottery
①⑲⑧⑯⑹	pouches
①⑲⑿⑥②	pounced
①⑲②⑬⑩	pouting
①⑲⑵⒌⑵	powdered
①⑲⑵⒌⑹	powders
①⑲⑵⒌⑬	powdery
①⑲⒌⑬⑩	powering
①⑾⒁⑹⑵	praised
①⑾⑮⑫⑹	prams
①⑾⑮⑩③	prank
①⑾⒇⑿⑹	prawns
①⑾⒁⑬⑩	praying
①⑾⒀⑧②	preached
①⑾⒀⑧⒌	preacher
①⑾⑬④⒋	prefer
①⑾⑭⑫⒍	premier
①⑾⑬①⒊	prepare
①⑾⑭⑥②	pressed
①⑾⑭⑦⒌	pressure
①⑾⑬②⑬	pretty
①⑾⒀⑷⒏	preview
①⑾⒂⑥②	priced
①⑾⒂⑥⑬	pricey
①⑾⑬③②	pricked
①⑾⒀⑥②	priest
①⑾⒂⑫⑵	primed
①⑾⒂⑫⒌	primer
①⑾⑬⑿⑥	prince
①⑾⑬⑿②	print
①⑾⒂⒌⑬	priory
①⑾⒂⑹⑵	prized
①⑾⑬⑷⑬	privy
①⑾⒄⑴⑵	probed
①⑾⒄⑴⑹	probes
①⑾⑰⑩⑹	prongs
①⑾⒅④⑥	proofs
①⑾⑰①⒌	proper
①⑾⑰①②	propped
①⑾⑰①⑥	props
①⑾⒅⑷⑵	proved
①⑾⒅⑷⑹	proves
①⑾⑲⑭⑥	prowess
①⑾⑲⑪⑵	prowled
①⑾⒅⑿⑵	pruned
①⑾⒂⑬⑩	prying
⑥⒂③⑬③	psychic
①⒏⑴⑬③	pubic
①⑱⑵⑬⑩	pudding
①⒃⑵⑯⑪	puddle
①⒃④⑬⑩	puffing
①⑱⑪⑬⑹	pulleys
①⑱⑪⑬⑩	pulling
①⒃⑪⑥⒈	pulsar
①⒃⑫⑬⑥	pumice
①⒃⑫①②	pumped
①⒃⑫①⑥	pumps
①⒃⑿⑧②	punched
①⒃⑿⑬⑦	punish
①⒃⑩③⑥	punks
①⒃⑿②⒌	punter
①⒏①⑯⑪	pupil
①⒃①⑯②	puppet
①⒃①⑬⑹	puppies
①⒋⑧⑯⑥	purchase
①⑨⑱⒌⒌	purer
①⒋⑻⑯⑹	purges
①⒋①⑯⑪	purple
①⒌①⒉②	purport
①⒋①⑯⑥	purpose
①⒌⑥⒏⑵	pursued
①⒌⑥⒏⒌	pursuer
①⒌⑥⒏⑹	pursues
①⒌⑥⒏②	pursuit
①⒌⑷⒁⒌	purveyor
①⑱⑦⑧⒊	pushchair
①⑱⑦⒌⑹	pushers
①⑱⑦⑯⑹	pushes
①⑱⑦⑬⑩	pushing
①⑱②⑬⑩	putting
①⒃②⑬⑩	putting
①⒃⑹⑯⑪	puzzle
①⒂⑪⑰⑿	pylon
①⒂⑤⑯⑿	python
③⑼⒁⑪⑹	quails
③⑼⒁⑿②	quaint
③⑼⒁③⒌	quaker
③⑼⑳⑫⑹	qualms
③⑼⒈③⑥	quarks
③⑼⑰⑾⑬	quarry
③⑼⒉②⒌	quarter
③⑼⒉②⒄	quarto
③⑼⒉②⑥	quartz
③⑼⑰⑦②	quashed
③⒀⑥⒂⑵	quayside
③⑼⒀⑹⑬	queasy
③⑼⒀⑿⑹	queens
③⑼⒍⑬⑵	queried
③⑼⒍⑬⑹	queries
③⑼⑭⑥②	quest
③⑼⑬③⒌	quicker
③⑼⒂⑯②	quiet
③⑼⑬⑪②	quilt
③⑼⑬①②	quipped
③⑼⒋③⑥	quirks
③⑼⑬②⑥	quits
③⑼⑬⑷⒌	quiver
③⑼⑬⑹⑵	quizzed
③⑼⒉⑯⑫	quorum
③⑼⒄②⑯	quota
③⑼⒄②⑥	quotes
⑾⑮⑴⑬②	rabbit
⑾⑮⑴⑯⑪	rabble
⑾⑮⑴⑬⑵	rabid
⑾⒁⑴⒀⑹	rabies
⑾⒁⑥⒌⑹	racers
⑾⒁⑥⑯⑹	races
⑾⒁⑦⑯⑪	racial
⑾⒁⑥⑬⑩	racing
⑾⑮③⑯②	racket
⑾⑮③⑬⑩	racking
⑾⒁⑵⒎⑪	radial
⑾⒁⑵⑬⒄	radio
⑾⑮⑵⑬⑦	radish
⑾⒁⑵⒎⑥	radius
⑾⑮④⑯⑪	raffle
⑾⑳④②⑥	rafts
⑾⑮⑶⑯⑵	ragged
⑾⒁⑻⑬⑩	raging
⑾⒁⑵⑯⑵	raided
⑾⒁⑵⒌⑹	raiders
⑾⒁⑵⑬⑩	raiding
⑾⒁⑪⑬⑩	railing
⑾⒁⑪⑼⒁	railway
⑾⒁⑿⑴⒄	rainbow
⑾⒁⑿⑬⑩	raining
⑾⒁⑹⑯⑹	raises
⑾⒁⑹⑬⑩	raising
⑾⒁③⑬⑩	raking
⑾⑮⑪⑬⑵	rallied
⑾⑮⑪⑬⑹	rallies
⑾⑮⑫①⑥	ramps
⑾⑮⑩③⒌	rancour
⑾⑮⑿⑵⑬	randy
⑾⒁⑿⑻⑵	ranged
⑾⑮⑩③②	ranked
⑾⑮⑩③⑥	ranks
⑾⑮①⑬⑵	rapid
⑾⒁①⑬⑩	raping
⑾⑮①⑧⒌	rapture
⑾⒊⑯⑥②	rarest
⑾⒊⑬②⑬	rarity
⑾⑮⑦⑯⑹	rashes
⑾⑮⑦⑪⑬	rashly
⑾⑳⑥①②	rasped
⑾⑮⑧⑯②	ratchet
⑾⒁②⑯⑵	rated
⑾⒁②⑬⑩	rating
⑾⒁⑦⑬⒄	ratio
⑾⑮⑦⑯⑿	ration
⑾⑮②⑯⑪	rattle
⑾⒇③⑯⑥	raucous
⑾⑯⑷⒀⑿	ravine
⑾⒁⑷⑬⑩	raving
⑾⒀⑧⑯⑹	reaches
⑾⒀⑧⑬⑩	reaching
⑾⑬⑮③②	react
⑾⒀⑵⒌⑹	readers
⑾⑭⑵⑬⑹	readies
⑾⒀⑵⑬⑩	reading
⑾⒎⑪⒂⑹	realise
⑾⑭⑪⑫⑹	realms
⑾⒀①⑬⑩	reaping
⑾⒀⑯①⒍	reappear
⑾⒍⑶⒈⑵	rearguard
⑾⒀⑹⑯⑿	reason
⑾⒀⑴⒁②	rebate
⑾⑬⑴⑭⑪	rebel
⑾⑭⑴⑯⑪	rebel
⑾⒀⑴⒋⑤	rebirth
⑾⒀⑴⒉⑿	reborn
⑾⑬⑴⒃④	rebuff
⑾⑬⑴⒏③	rebuke
⑾⑬③⒇⑪	recall
⑾⑬⑥⒀⑵	recede
⑾⑬⑥⒀②	receipt
⑾⑬⑥⒀⑷	receive
⑾⒀⑥⑭⑥	recess
⑾⑬⑥⒂②	recite
⑾⑭③⑯⑿	reckon
⑾⑬③⒆⑪	recoil
⑾⑬③⒉⑵	record
⑾⑭③⒉⑵	record
⑾⑬③⒅①	recoup
⑾⑬③⒉⑥	recourse
⑾⑭③②⒌	rector
⑾⑭⑵⑬⑦	reddish
⑾⑬⑵⒀⑫	redeem
⑾⑬⑵⒏⑥	reduce
⑾⒀⑪⑬⑩	reeling
⑾⑭④⒌⒀	referee
⑾⑬④⒋⑵	referred
⑾⑬④⒋⑹	refers
⑾⒀④⑬⑪	refill
⑾⑬④⒂⑿	refine
⑾⑬④⒉⑫	reform
⑾⑭④⒏⑻	refuge
⑾⑬④⒏⑹	refuse
⑾⑭④⒏⑥	refuse
⑾⑬④⒏②	refute
⑾⑬⑶⒁⑿	regain
⑾⒀⑶⑯⑪	regal
⑾⑬⑶⒈⑵	regard
⑾⒁⑺⒀⑫	regime
⑾⒀⑻⑯⑿	region
⑾⑬⑽⒋⑥	rehearse
⑾⒁⑿⑵⒍	reindeer
⑾⒀⑬⑦⒅	reissue
⑾⑬⑻⒆⑥	rejoice
⑾⑬⑻⒆⑿	rejoin
⑾⒀⑻⒆⑿	rejoin
⑾⑬⑪⒁②	relate
⑾⑬⑪⒁⑵	relayed
⑾⑬⑪⒀⑥	release
⑾⑭⑪⑬③	relic
⑾⑬⑪⒂⑵	relied
⑾⑬⑪⒀④	relief
⑾⑬⑪⒂⑹	relies
⑾⑬⑪⒀⑷	relieve
⑾⑭⑪⑬⑦	relish
⑾⒀⑪⑬⑷	relive
⑾⑬⑫⒁⑿	remain
⑾⑬⑫⒈③	remark
⑾⒀⑫⑬②	remit
⑾⑬⑫⒉⑥	remorse
⑾⑬⑫⒄②	remote
⑾⑬⑫⒅⑷	remove
⑾⒀⑿⑯⑪	renal
⑾⑭⑿⑵⒌	render
⑾⑬⑿⒏⑵	renewed
⑾⑬⑿⑲⑿	renown
⑾⑭⑿②⑥	rents
⑾⑬①⒁⑵	repaid
⑾⑬①⒊⑵	repaired
⑾⑬①⒊⒌	repairer
⑾⑬①⒊⑹	repairs
⑾⑬①⒀⑪	repeal
⑾⑬①⒀②	repeat
⑾⑬①⑭⑪	repel
⑾⒀①⑪⒁	replay
⑾⑬①⑪⒂	reply
⑾⑬①⒉②	report
⑾⑬①⒄⑹	repose
⑾⑬①⒏②	repute
⑾⑭⑥③⒏	rescue
⑾⑬⑥⒋⑧	research
⑾⒀⑥⑭⑪	resell
⑾⑬⑹⒋⑷	reserve
⑾⒀⑥⑭②	reset
⑾⒀⑦⒁①	reshape
⑾⑬⑹⒂⑵	reside
⑾⑬⑹⒂⑿	resign
⑾⑭⑹⑬⑿	resin
⑾⑬⑹⒉②	resort
⑾⑬⑹⒉⑥	resource
⑾⑬⑥②⒉	restore
⑾⑭⑥②⑥	rests
⑾⑬⑹⒏⑫	resume
⑾⒀②⒁⑪	retail
⑾⑬②⒁⑿	retain
⑾⑬②⒂⒌	retire
⑾⑬②⒉②	retort
⑾⑬②⒋⑿	return
⑾⑬⑷⒀⑪	reveal
⑾⑭⑷⑯⑪	revel
⑾⑬⑷⒍⑵	revered
⑾⑭⑷⒌⑬	reverie
⑾⑬⑷⒋⑥	reverse
⑾⑬⑷⒋②	revert
⑾⑬⑷⒏⑵	reviewed
⑾⑬⑷⒏⒌	reviewer
⑾⑬⑷⒏⑹	reviews
⑾⑬⑷⒂⑹	revise
⑾⑬⑷⒂⑷	revive
⑾⑬⑷⒄③	revoke
⑾⑬⑼⒉⑵	reward
⑾⒀⑾⒂②	rewrite
⑾⒂⑿⒄⑹	rhinos
⑾⒅⑴⒈⑴	rhubarb
⑾⑬⑸⑯⑫	rhythm
⑾⑬⑴⑯⑿	ribbon
⑾⑬⑧⑯⑹	riches
⑾⑬⑧⑪⑬	richly
⑾⑬⑵⑯⑿	ridden
⑾⑬⑵⑯⑪	riddle
⑾⒂⑵⒌⑹	riders
⑾⑬⑻⑯⑹	ridges
⑾⒂⑵⑬⑩	riding
⑾⒂④⑯⑪	rifle
⑾⑬④②⑥	rifts
⑾⑬⑶⑬⑩	rigging
⑾⒂⑧⑯⑥	righteous
⑾⒂②⑪⑬	rightly
⑾⑬⑻⑬⑵	rigid
⑾⑬⑶⒌⑹	rigours
⑾⑬⑩⑬⑩	ringing
⑾⑬⑿⑥②	rinsed
⑾⒂⑯②⑥	riots
⑾⒂①⑯⑿	ripen
⑾⑬①⑬⑩	ripping
⑾⑬①⑯⑪	ripple
⑾⑬⑹⑯⑿	risen
⑾⒂⑹⑯⑹	rises
⑾⒂⑹⑬⑩	rising
⑾⑬⑥③②	risked
⑾⑬⑥③⑥	risks
⑾⑬⑥③⑬	risky
⑾⒂⑷⑯⑪	rival
⑾⑬⑷⑯⑿	riven
⑾⑬⑷⒌⑹	rivers
⑾⒄⑵⑦⒄	roadshow
⑾⒄⑵⑼⒁	roadway
⑾⒄⑫⑬⑩	roaming
⑾⑰⑴⒌⑹	robbers
⑾⑰⑴⒌⑬	robbery
⑾⑰⑴⑬⑩	robbing
⑾⑰⑴⑬⑿	robin
⑾⒄⑴⑰②	robot
⑾⑰③⒌⑹	rockers
⑾⑰③⑯②	rocket
⑾⑰③⑬⑩	rocking
⑾⒄⑪⒌⑹	rollers
⑾⒄⑪⑬⑩	rolling
⑾⒄⑫⑯⑿	roman
⑾⑰⑫①②	romped
⑾⒅④⑬⑩	roofing
⑾⒅②⑯⑵	rooted
⑾⒅②⑬⑩	rooting
⑾⒄⑹⒌⑬	rosary
⑾⒄⑹⑯⑹	roses
⑾⒄⑹⑭②	rosette
⑾⑰⑥②⒌	roster
⑾⒄②⒌⑬	rotary
⑾⒄②⒁②	rotate
⑾⒄②⒌⑹	rotors
⑾⑰②⑯⑿	rotten
⑾⑰②⑬⑩	rotting
⑾⒅⑴⑯⑪	rouble
⑾⒅⑺⑯⑹	rouges
⑾⒃④⑪⑬	roughly
⑾⒅⑪⑭②	roulette
⑾⑲⑿⑵⑹	rounds
⑾⑲⑹⑬⑩	rousing
⑾⑲②⑯⑵	routed
⑾⒅②⒀⑿	routine
⑾⒄⑷⒌⑹	rovers
⑾⒆⑯⑪⑹	royals
⒈①⑬⑭⑫	rpm
⑾⒃⑴⒌⑹	rubbers
⑾⒃⑴⒌⑬	rubbery
⑾⒃⑴⑬⑩	rubbing
⑾⒃⑴⑬⑦	rubbish
⑾⒃⑴⑯⑪	rubble
⑾⒅⑴⑬⑹	rubies
⑾⒅⑵⑪⑬	rudely
⑾⒅④⑯⑪	rueful
⑾⒃⑶⑴⑬	rugby
⑾⒃⑶⑯⑵	rugged
⑾⒅⑬⑿⑵	ruined
⑾⒅⑬⑿⑹	ruins
⑾⒅⑪⒌⑹	rulers
⑾⒅⑪⑬⑩	ruling
⑾⒅⑫⒌⑵	rumoured
⑾⒅⑫⒌⑹	rumours
⑾⒃⑿⒌⑹	runners
⑾⒃⑿⑬⑩	running
⑾⒃⑿⑼⒁	runway
⑾⒅①⒀⑹	rupees
⑾⒃①⑧⒌	rupture
⑾⑱⒌⑯⑪	rural
⑾⒃⑦⑯⑹	rushes
⑾⒃⑦⑬⑩	rushing
⑾⒃⑥⑯②	russet
⑾⒃⑦⑯⑿	russian
⑾⒃⑥⑯⑪	rustle
⑾⒃⑥②⑬	rusty
⑾⒃②⑯⑵	rutted
⑥⑮⑴⑯⑤	sabbath
⑥⑮③⑬⑩	sacking
⑥⑮⑵⑯⑪	saddle
⑥⑮⑵⑪⑬	sadly
⑥⑯④⒈⑬	safari
⑥⒁④⑪⑬	safely
⑥⒁④②⑬	safety
⑥⒁⑻⑪⑬	sagely
⑥⑮⑶⑬⑩	sagging
⑥⒁⑪⑬⑩	sailing
⑥⒁⑪⒌⑹	sailors
⑥⒁⑿②⑥	saints
⑥⑮⑪⑯⑵	salad
⑥⑮⑪⒌⑬	salary
⑥⒁⑪⒂⑿	saline
⑥⑮⑫⑯⑿	salmon
⑥⑮⑪⑰⑿	salon
⑥⑯⑪⒅⑿	saloon
⑥⒇⑪②⑥	salts
⑥⒇⑪②⑬	salty
⑥⑯⑪⒅②	salute
⑥⑮⑪⑷⒄	salvo
⑥⑮⑿⑵⑹	sands
⑥⑮⑿⑵⑬	sandy
⑥⑮④⒂⒌	sapphire
⑥⑮⑧⑯⑪	satchel
⑥⑮②⑬⑿	satin
⑥⑮②⒂⒌	satire
⑥⒇⑥⒌⑹	saucers
⑥⒇⑥⑯⑹	sauces
⑥⑰⑥⑬⑻	sausage
⑥⑮⑷⑬⑻	savage
⑥⒁⑷⒌⑹	savers
⑥⒁⑷⑬⑩	saving
⑥⒁⑷⑨⒌	saviour
⑥⒁⑷⒌⑵	savoured
⑥⒁⑷⒌⑬	savoury
⑥⒁⑬⑩⑹	sayings
⑥③⑮⑴⑹	scabs
⑥③⒁⑪⑵	scaled
⑥③⒁⑪⑹	scales
⑥③⑮⑪①	scalp
⑥③⑮⑿⑵	scanned
⑥③⑮⑿⒌	scanner
⑥③⑮⑿⑹	scans
⑥③⑮⑿②	scant
⑥③⒈⑷⑹	scarves
⑥③⑮②⒌	scatter
⑥⒀⑿⒌⑬	scenery
⑥⒀⑿⑬③	scenic
⑥⑭①②⒌	sceptre
⑦⑭⑻⒅⑪	schedule
⑥③⒀⑫⑯	schema
⑥③⒀⑫⑹	schemes
⑥③⑰⑪⒌	scholar
⑥③⒅⑪⑵	schooled
⑥③⒅⑪⑹	schools
⑥⒂⑯⑿⑥	science
⑥⑬⑹⒌⑹	scissors
⑥③⑰④②	scoffed
⑥③⑰⑿⑹	scones
⑥③⒅①②	scooped
⑥③⒅②⒌	scooter
⑥③⒉⑧②	scorched
⑥③⒉⒌⑹	scorers
⑥③⒉⑬⑩	scoring
⑥③⒉⑿⑵	scorned
⑥③⑰②⑥	scots
⑥③⑲⒌⑵	scoured
⑥③⑲②⑥	scouts
⑥③⑲⑪⑵	scowled
⑥③⑾⑮①	scrap
⑥③⑾⒁①	scrape
⑥③⑾⑮⑧	scratch
⑥③⑾⒀⑫	scream
⑥③⑾⒀⑧	screech
⑥③⑾⒀⑿	screen
⑥③⑾⒅⑵	screwed
⑥③⑾⒅⑹	screws
⑥③⑾⒂⑴	scribe
⑥③⑾⑬①	scrip
⑥③⑾⒄⑪	scroll
⑥③⑾⒃⑴	scrub
⑥③⑾⒃④	scruff
⑥③⑾⒃⑫	scrum
⑥⒀⑴⒉⑵	seaboard
⑥⒀④⒅⑵	seafood
⑥⒀⑫⑯⑿	seaman
⑥⒀⑫⑭⑿	seamen
⑥⒋⑧⒌⑹	searchers
⑥⒋⑧⑯⑹	searches
⑥⒋⑧⑬⑩	searching
⑥⒀⑥⒂⑵	seaside
⑥⒀⑹⑯⑿	season
⑥⒀②⑯⑵	seated
⑥⒀②⑬⑩	seating
⑥⒀⑼⒌⑵	seaward
⑥⒀⑼⒀⑵	seaweed
⑥⑬⑥⒀⑵	secede
⑥⑭③②⒌	sector
⑥⑭③②⑥	sects
⑥⑬⑵⒁②	sedate
⑥⑬⑵⒏⑥	seduce
⑥⒀③⒌⑹	seekers
⑥⒀③⑬⑩	seeking
⑥⒀⑫⑬⑩	seeming
⑥⒀①⑬⑩	seeping
⑥⒀⑸⑬⑩	seething
⑥⒀⑹⑯⑹	seizes
⑥⒀⑹⑬⑩	seizing
⑥⒀⑺⒌⑹	seizures
⑥⑭⑪⑬⑩	selling
⑥⑭⑪⑷⑹	selves
⑥⑭⑿⑵⒌	sender
⑥⑭⑿⑵⑹	sends
⑥⒀⑿⒂⑪	senile
⑥⒀⑿⒍⑹	seniors
⑥⑭⑿⑥②	sensed
⑥⒋⑫⑯⑿	sermon
⑥⒋⑷⒌⑹	servers
⑥⒋⑷⑬⑥	service
⑥⒋⑷⒂⑪	servile
⑥⒋⑷⑬⑩	serving
⑥⑭⑦⑯⑿	session
⑥⑭②⑬⑩	setting
⑥⑭②⑯⑪	settle
⑥⑭②⑪⒌	settler
⑥⑭②⒃①	setup
⑥⑭⑷⑯⑿	seven
⑥⑭⑷⒌⑵	severed
⑥⑱⒌⑬⑻	sewerage
⑥⑭③⑥⑬	sexy
⑦⒁⑵⑯⑵	shaded
⑦⒁⑵⑬⑩	shading
⑦⑮⑵⒄⑵	shadowed
⑦⑮⑵⒄⑹	shadows
⑦⑮⑵⒄⑬	shadowy
⑦⑳④②⑥	shafts
⑦⒁③⑯⑿	shaken
⑦⒁③⑬⑩	shaking
⑦⑮⑪⒄⒌	shallower
⑦⑮⑪⒄⑹	shallows
⑦⒁⑫⑯⑿	shaman
⑦⑮⑫①⒅	shampoo
⑦⑮⑩③⑥	shanks
⑦⑮⑿②⑬	shanty
⑦⒁①⑪⑬	shapely
⑦⒁①⑬⑩	shaping
⑦⒈①⑯⑿	sharpen
⑦⒈①⑪⑬	sharply
⑦⑮②⒌⑵	shattered
⑦⒁⑷⑯⑿	shaven
⑦⒁⑷⑬⑩	shaving
⑦⑭⑵⑬⑩	shedding
⑦⒀①⑬⑦	sheepish
⑦⒀②⑬⑩	sheeting
⑦⑭⑪⑬⑩	shelling
⑦⑭⑪②⒌	shelter
⑦⑭⑪⑷⑵	shelved
⑦⑭⑪⑷⑹	shelves
⑦⑭①⒌⑵	shepherd
⑦⑭⑾⑬④	sheriff
⑦⒀⑪⑵⑹	shields
⑦⑬④②⑥	shifts
⑦⑬④②⑬	shifty
⑦⑬⑪⑬⑩	shilling
⑦⒂⑿⑬⑩	shining
⑦⑬①⒌⑹	shippers
⑦⑬①⑬⑩	shipping
⑦⑬⑷⒌⑵	shivered
⑦⑬⑷⒌⑹	shivers
⑦⑰③⑬⑩	shocking
⑦⒅②⑬⑩	shooting
⑦⑰①⒌⑹	shoppers
⑦⑰①⑬⑩	shopping
⑦⒉⑪⒂⑿	shoreline
⑦⒉②⑬⑻	shortage
⑦⒉②⑯⑿	shorten
⑦⒉②⑪⑬	shortly
⑦⒄⑪⑵⒌	shoulder
⑦⑲②⑯⑵	shouted
⑦⑲②⑬⑩	shouting
⑦⒃⑷⑯⑪	shovel
⑦⒃⑷⑬⑩	shoving
⑦⒄⑴⑬⑹	showbiz
⑦⒄③⒁⑥	showcase
⑦⒄⑵⑲⑿	showdown
⑦⑲⒌⑬⑩	showering
⑦⒄⑫⑯⑿	showman
⑦⒄⑫⑭⑿	showmen
⑦⒄①⒀⑥	showpiece
⑦⒄⑾⒅⑫	showroom
⑦⑾⑮⑩③	shrank
⑦⑾⑭⑵⑹	shreds
⑦⑾⒀③②	shrieked
⑦⑾⒀③⑥	shrieks
⑦⑾⑬④②	shrift
⑦⑾⑬⑫①	shrimp
⑦⑾⒂⑿⑹	shrines
⑦⑾⑬⑩③	shrink
⑦⑾⑲⑵⑹	shrouds
⑦⑾⒃⑴⑹	shrubs
⑦⑾⒃⑶⑵	shrugged
⑦⑾⒃⑶⑹	shrugs
⑦⑾⒃⑩③	shrunk
⑦⒃⑵⒌⑵	shuddered
⑦⒃④⑯⑪	shuffle
⑦⒃②⒌⑵	shuttered
⑦⒃②⒌⑹	shutters
⑦⒃②⑬⑩	shutting
⑦⒃②⑯⑪	shuttle
⑦⒂⑿⑯⑥	shyness
⑥⑬③⑯⑪	sickle
⑥⑬③⑪⑬	sickly
⑥⒂⑵③⒈	sidecar
⑥⒂⑵⑯⑵	sided
⑥⒂⑵⑬⑩	siding
⑥⒂⑿⑬⑩	signing
⑥⒂⑪⑬⑻	silage
⑥⑬⑪③⑥	silks
⑥⑬⑪③⑬	silky
⑥⒂⑪⒄⑹	silos
⑥⑬⑪⑷⒌	silver
⑥⑬⑿⑥⒍	sincere
⑥⑬⑿⒏⑬	sinewy
⑥⑬⑩⒌⑹	singers
⑥⑬⑩⑬⑩	singing
⑥⑬⑩③⒌	sinker
⑥⑬⑩③⑥	sinks
⑥⑬⑿⒌⑹	sinners
⑥⒂⑿⑯⑥	sinus
⑥⑬①⑬⑩	sipping
⑥⒂⑾⑯⑿	siren
⑥⑬⑥②⒌	sister
⑥⑬②⒌⑹	sitters
⑥⑬②⑬⑩	sitting
⑥⑬③⑥⑤	sixth
⑥⒂⑹⑯⑹	sizes
⑥③⒁②⑥	skates
⑥③⑭⑧②	sketched
⑥③⑭⑧⑬	sketchy
⑥③⒀⒌⑹	skiers
⑥③⒀⑬⑩	skiing
⑥③⑬⑪⑵	skilled
⑥③⑬⑪⑹	skills
⑥③⑬⑫⑵	skimmed
⑥③⑬⑿⑬	skinny
⑥③⑬⑿⑹	skins
⑥③⑬①②	skipped
⑥③⑬①⒌	skipper
⑥③⑬①⑥	skips
⑥③⒋②⑥	skirts
⑥③⒃⑪⑹	skulls
⑥⑪⑮⑴⑹	slabs
⑥⑪⑮③⑥	slacks
⑥⑪⑮⑫⑵	slammed
⑥⑪⑮⑫⑹	slams
⑥⑪⑳⑿②	slant
⑥⑪⑮①②	slapped
⑥⑪⑮⑦②	slashed
⑥⑪⒁②⑥	slates
⑥⑪⑮②⑥	slats
⑥⑪⒇②⒌	slaughter
⑥⑪⒁⑷⑹	slaves
⑥⑪⑳⑷⑹	slavs
⑥⑪⒀⑹⑬	sleazy
⑥⑪⒀①⒌	sleeper
⑥⑪⒀①⑥	sleeps
⑥⑪⒀①⑬	sleepy
⑥⑪⒀⑷⑹	sleeves
⑥⑪⑭①②	slept
⑥⑪⒂⑥②	sliced
⑥⑪⒂⑵⑹	slides
⑥⑪⑬⑫⒌	slimmer
⑥⑪⒂⑫⑬	slimy
⑥⑪⑬⑩⑹	slings
⑥⑪⑬①②	slipped
⑥⑪⑬①⒌	slipper
⑥⑪⑬①⑥	slips
⑥⑪⑬②⑥	slits
⑥⑪⑬⑷⒌	sliver
⑥⑪⒄①②	sloped
⑥⑪⒄①⑥	slopes
⑥⑪⑰①⑬	sloppy
⑥⑪⑰②⑥	slots
⑥⑪⒄⑬⑩	slowing
⑥⑪⒄⑪⑬	slowly
⑥⑪⒃⑶⑹	slugs
⑥⑪⒃⑫①	slump
⑥⑪⒃⑫⑹	slums
⑥⑪⒃⑾⑬	slurry
⑥⑪⒂⑪⑬	slyly
⑥⑫⑮③②	smacked
⑥⑫⒇⑪⒌	smaller
⑥⑫⒈②⒌	smarter
⑥⑫⑮⑦②	smashed
⑥⑫⑭⑪⑵	smelled
⑥⑫⑭⑪⑹	smells
⑥⑫⑭⑪⑬	smelly
⑥⑫⑭⑪②	smelt
⑥⑫⒂⑪⑵	smiled
⑥⑫⒂⑪⑹	smiles
⑥⑫⒋③②	smirked
⑥⑫⑬⑤⑥	smiths
⑥⑫⑬⑸⑬	smithy
⑥⑫⒄③②	smoked
⑥⑫⒄③⒌	smoker
⑥⑫⒄③⑥	smokes
⑥⑫⒄③⑬	smoky
⑥⑫⒅⑸⑵	smoothed
⑥⑫⒅⑸⒌	smoother
⑥⑫⒃⑸⒌	smother
⑥⑿⑮③⑥	snacks
⑥⑿⑮⑶⑹	snags
⑥⑿⒁⑪⑹	snails
⑥⑿⒁③②	snaked
⑥⑿⒁③⑥	snakes
⑥⑿⑮①②	snapped
⑥⑿⑮①⑬	snappy
⑥⑿⑮①⑥	snaps
⑥⑿⒈⑪⑵	snarled
⑥⑿⑮⑧②	snatched
⑥⑿⒀③②	sneaked
⑥⑿⒀③⑬	sneaky
⑥⑿⑬④②	sniffed
⑥⑿⒂①⒌	sniper
⑥⑿⒅③⒌	snooker
⑥⑿⒉⑬⑩	snoring
⑥⑿⒄⑬⑩	snowing
⑥⒄③⑬⑩	soaking
⑥⑰⑴⑬⑩	sobbing
⑥⒄⑦⑯⑪	social
⑥⑰③⑯②	socket
⑥⒄⑵⒎⑫	sodium
⑥⒄④⑯⑹	sofas
⑥⑰④⑯⑿	soften
⑥⑰④②⒌	softer
⑥⑰⑻⒌⑿	sojourn
⑥⑰⑪⑬⑥	solace
⑥⒄⑪⑵⒌	solder
⑥⒄⑪⑻⒌	soldier
⑥⒄⑪⑪⑬	solely
⑥⑰⑪⑯⑫	solemn
⑥⑰⑪⑬⑵	solid
⑥⒄⑪⒄⑹	solos
⑥⑰⑪⑷⑵	solved
⑥⑰⑪⑷⑹	solves
⑥⑰⑫⑴⒌	sombre
⑥⒃⑫⑵⒁	someday
⑥⒃⑫⑽⑲	somehow
⑥⒃⑫⑼⒊	somewhere
⑥⑰⑿⑬③	sonic
⑥⑰⑿⑯②	sonnet
⑥⒅⑸⑬⑩	soothing
⑥⒉⑥⒌⑬	sorcery
⑥⒉⑵⒀⑵	sordid
⑥⒉⑿⑯⑥	soreness
⑥⑰⑾⒄⑹	sorrows
⑥⒉②⑯⑵	sorted
⑥⒉②⑬⑹	sorties
⑥⒉②⑬⑩	sorting
⑭⑥⒄⑭⑥	sos
⑥⑲⑿⑵⑹	sounds
⑥⒉⑥⑯⑹	sources
⑥⑲⒌⑪⑬	sourly
⑥⒃⑸⒌⑿	southern
⑥⒄⑷⒎②	soviet
⑥①⒁⑥②	spaced
⑥①⒁⑵⑹	spades
⑥①⑮⑿⑵	spanned
⑥①⑮⑿⒌	spanner
⑥①⑮⑿⑹	spans
⑥①⒊⑬⑩	sparing
⑥①⒈③②	sparked
⑥①⒈③⑥	sparks
⑥①⑮⑾⒄	sparrow
⑥①⒇⑿⑵	spawned
⑥①⒀③⒌	speaker
⑥①⒀③⑥	speaks
⑥①⑭③⑥	specs
⑥①⒀⑵⑹	speeds
⑥①⒀⑵⑬	speedy
⑥①⑭⑪⑵	spelled
⑥①⑭⑪⑹	spells
⑥①⑭⑪②	spelt
⑥①⑭⑿⑵	spend
⑥①⑭⑿②	spent
⑥①⒂⑥⑬	spicy
⑥①⒂⑵⒌	spider
⑥①⒂③⑥	spikes
⑥①⒂③⑬	spiky
⑥①⑬⑪⑵	spilled
⑥①⑬⑪⑹	spills
⑥①⑬⑪②	spilt
⑥①⒂⑿⑹	spines
⑥①⑬⑿⒌	spinner
⑥①⑬⑿⑹	spins
⑥①⒂⑿⑬	spiny
⑥①⒂⒌⑹	spires
⑥①⑪⑮⑦	splash
⑥①⑪⒀⑿	spleen
⑥①⑪⑬②	split
⑥①⒆⑪⑵	spoiled
⑥①⒆⑪⑹	spoils
⑥①⒆⑪②	spoilt
⑥①⒄③⑥	spokes
⑥①⒃⑿⑻	sponge
⑥①⒅③⑬	spooky
⑥①⒅⑿⑹	spoons
⑥①⒉②⑥	sports
⑥①⑰②⑥	spots
⑥①⑰②⑬	spotty
⑥①⑾⑮⑩	sprang
⑥①⑾⒇⑪	sprawl
⑥①⑾⒁⑵	sprayed
⑥①⑾⒁⑹	sprays
⑥①⑾⑭⑵	spread
⑥①⑾⑬⑶	sprig
⑥①⑾⑬⑩	spring
⑥①⑾⑲②	sprout
⑥①⑾⒅⑥	spruce
⑥①⑾⒃⑩	sprung
⑥①⒃⑵⑹	spuds
⑥①⒂⑬⑩	spying
⑥③⑼⑰⑵	squad
⑥③⑼⒇⑪	squall
⑥③⑼⒊⑵	squared
⑥③⑼⒊⑹	squares
⑥③⑼⑰⑦	squash
⑥③⑼⑰②	squat
⑥③⑼⒀③	squeak
⑥③⑼⒀⑪	squeal
⑥③⑼⒀⑹	squeeze
⑥③⑼⑬⑵	squid
⑥③⑼⒂⒌	squire
⑥③⑼⒋②	squirt
⑥②⑮⑴⑵	stabbed
⑥②⑮③②	stacked
⑥②⑮③⑥	stacks
⑥②⑳④②	staffed
⑥②⑳④⑥	staffs
⑥②⒁⑻⑵	staged
⑥②⑮⑶⒌	stagger
⑥②⑮⑶⑹	stags
⑥②⒁⑿⑵	stained
⑥②⒁⑿⑹	stains
⑥②⒊⑼⒁	stairway
⑥②⒁③②	staked
⑥②⒁③⑥	stakes
⑥②⒇③②	stalked
⑥②⒇③⑥	stalks
⑥②⒇⑪⑵	stalled
⑥②⒇⑪⑹	stalls
⑥②⑮⑫⒌	stammer
⑥②⑮⑫①	stamp
⑥②⑮⑿⑥	stance
⑥②⑮⑿⑵	stand
⑥②⑮⑩③	stank
⑥②⒊⑬⑩	staring
⑥②⒈⑬⑩	starring
⑥②⒈②⒌	starter
⑥②⒈②⑥	starts
⑥②⒈⑷⑵	starved
⑥②⒁②⑥	states
⑥②⑮⑧⒅	statue
⑥②⑮⑧⒌	stature
⑥②⒁⑷⑹	staves
⑥②⒁⑬⑩	staying
⑥②⑭⑵⑬	steady
⑥②⒀⑪⑹	steals
⑥②⑭⑪⑤	stealth
⑥②⒀⑫⑵	steamed
⑥②⒀⑫⒌	steamer
⑥②⒀⑫⑬	steamy
⑥②⒀⑪⑬	steely
⑥②⒀①②	steeped
⑥②⒀①⒌	steeper
⑥②⒍⑬⑩	steering
⑥②⑭⑪⒌	stellar
⑥②⑭⑫⑵	stemmed
⑥②⑭⑫⑹	stems
⑥②⑭⑿⑧	stench
⑥②⑭①②	stepped
⑥②⑭①⑥	steps
⑥②⒋⑿⒌	sterner
⑥②⒏⒌⑵	steward
⑥②⑬③⒌	sticker
⑥②⑬③⑥	sticks
⑥②⑬③⑬	sticky
⑥②⑬④⒌	stiffer
⑥②⑬⑪⑹	stills
⑥②⑬⑩⑹	stings
⑥②⑬⑩③	stink
⑥②⑬⑿②	stint
⑥②⒋⑬⑩	stirring
⑥②⑬⑧②	stitched
⑥②⑰③②	stocked
⑥②⑰③⑥	stocks
⑥②⑰③⑬	stocky
⑥②⒄⑿⑵	stoned
⑥②⒄⑿⑹	stones
⑥②⒄⑿⑬	stony
⑥②⒅⑪⑹	stools
⑥②⒅①②	stooped
⑥②⑰①②	stopped
⑥②⑰①⒌	stopper
⑥②⑰①⑥	stops
⑥②⒉⑬⑻	storage
⑥②⒉⑬⑹	stories
⑥②⒉⑬⑩	storing
⑥②⒉⑫⑵	stormed
⑥②⒉⑫⑹	storms
⑥②⒉⑫⑬	stormy
⑥②⒄⑷⑹	stoves
⑥②⑾⒁②	straight
⑥②⑾⒁⑿	strain
⑥②⑾⑮①	strap
⑥②⑾⒇⑹	straws
⑥②⑾⒁⑵	strayed
⑥②⑾⒀③	streak
⑥②⑾⒀⑫	stream
⑥②⑾⒀②	street
⑥②⑾⑭⑥	stress
⑥②⑾⑭⑧	stretch
⑥②⑾⒅⑿	strewn
⑥②⑾⒂⑵	stride
⑥②⑾⒂④	strife
⑥②⑾⒂③	strike
⑥②⑾⑬⑩	string
⑥②⑾⑬①	strip
⑥②⑾⒂①	stripe
⑥②⑾⒂⑷	strive
⑥②⑾⒄⑵	strode
⑥②⑾⒄③	stroke
⑥②⑾⒄⑪	stroll
⑥②⑾⑰⑩	strong
⑥②⑾⒄⑷	strove
⑥②⑾⒃③	struck
⑥②⑾⒃⑩	strung
⑥②⒃⑴⑵	stubbed
⑥②⒃③⒄	stucco
⑥②⒃⑵⑹	studs
⑥②⒃⑵⑬	study
⑥②⒃④②	stuffed
⑥②⒃④⑬	stuffy
⑥②⒃⑫①	stump
⑥②⒃⑿⑵	stunned
⑥②⒃⑿②	stunt
⑥②⒏①⒌	stupor
⑥②⒋⑵⑬	sturdy
⑥②⒂⑪⑵	styled
⑥②⒂⑪⑹	styles
⑥⑯⑴⑵⒏	subdue
⑥⒃②⑯⑪	subtle
⑥⒃②⑪⒌	subtler
⑥⒃②⑪⑬	subtly
⑥⒃⑴⒋⑴	suburb
⑥⒃⑴⑼⒁	subway
⑥⑯③⒃⑫	succumb
⑥⒃③⒌⑹	suckers
⑥⒃③⑬⑩	sucking
⑥⒃⑵⑯⑿	sudden
⑥⒃④⒌⑵	suffered
⑥⒃④⒌⒌	sufferer
⑥⒃④⒌⑹	suffers
⑥⑯④⒂⑥	suffice
⑦⑱⑶⒌⑹	sugars
⑦⑱⑶⒌⑬	sugary
⑥⒅②⑯⑵	suited
⑥⑼⒀②⑥	sweets
⑥⒅②⒌⑹	suitors
⑥⒃⑪③⑬	sulky
⑥⒃⑪⑯⑿	sullen
⑥⒃⑪④⒌	sulphur
⑥⒃⑫⒌⑬	summary
⑥⒃⑫⑯②	summat
⑥⒃⑫⒌⑹	summers
⑥⒃⑫⑬⑩	summing
⑥⒃⑫⑬②	summit
⑥⒃⑫⑯⑿	summon
⑥⒅①⒋⑴	superb
⑥⒅①⒍⒍	superior
⑥⒅①⒂⑿	supine
⑥⒃①⒌⑹	suppers
⑥⒃①⑯⑪	supple
⑥⑯①⑪⒂	supply
⑥⑯①⒉②	support
⑥⑯①⒄⑹	suppose
⑥⒋⑧⒈⑻	surcharge
⑦⑱⒌⑪⑬	surely
⑥⒋④⑬⑥	surface
⑥⒋④⑬②	surfeit
⑥⒋④⑬⑩	surfing
⑥⒋⑻⑯⑿	surgeon
⑥⒋⑻⒌⑬	surgery
⑥⒋⑻⑬⑩	surging
⑥⒋⑿⒁⑫	surname
⑥⒌①⑳⑥	surpass
⑥⒌⑲⑿⑵	surround
⑥⒌⑷⒁⑵	surveyed
⑥⒌⑷⒁⒌	surveyor
⑥⒋⑷⒁⑹	surveys
⑥⒌⑷⒂⑷	survive
⑥⑼⑮⑶⒌	swagger
⑥⑼⑰⑪⒄	swallow
⑥⑼⑰⑫①	swamp
⑥⑼⑰⑿⑹	swans
⑥⑼⑰①②	swapped
⑥⑼⒉⑫⑵	swarmed
⑥⑼⒉⑫⑹	swarms
⑥⑼⒉⑸⑬	swarthy
⑥⑼⒁⑸⑹	swathes
⑥⑼⒁⑬⑩	swaying
⑥⑼⒊⑬⑩	swearing
⑥⑼⑭②⒌	sweater
⑥⑼⑭②⑬	sweaty
⑥⑼⒀⑵⑹	swedes
⑥⑼⒀①⒌	sweeper
⑥⑼⒀①⑥	sweeps
⑥⑼⒀②⒌	sweeter
⑥⑼⒀②⑬	sweetie
⑥⑼⑭⑪⑵	swelled
⑥⑼⑭①②	swept
⑥⑼⒋⑷⑵	swerved
⑥⑼⑬④②	swift
⑥⑼⑬⑫⒌	swimmer
⑥⑼⑬⑫⑹	swims
⑥⑼⑬⑩⑹	swings
⑥⑼⒋⑪⑵	swirled
⑥⑼⑬⑧②	switched
⑥⑼⒅①②	swooped
⑥⑬⑿⑯⑵	synod
⑥⑬⑾⒎⑿	syrian
⑥⑬⑾⑯①	syrup
②⒁⑴⑯⑪	table
②⑮⑴⑪⒄	tableau
②⑯⑴⒅⑹	taboos
②⑮⑥⑬②	tacit
②⑮③⑯⑪	tackle
②⒁⑪⒌⑵	tailored
②⒁⑪⒌⑹	tailors
②⒁③⑯⑿	taken
②⒁③⒌⑹	takers
②⒁③⑬⑩	taking
②⒇③⑬⑩	talking
②⑮⑫⑬⑪	tamil
②⑮⑩⑶⒄	tango
②⑮⑩③⒌	tanker
②⑮⑩③⑥	tanks
②⒁①⑬⑩	taping
②⑮①⑬⑩	tapping
②⒈⑶⑯②	target
②⑮⑾⑬④	tariff
②⒈⑫⑮③	tarmac
②⒈②⑯⑿	tartan
②⒈②⑪⑬	tartly
②⑳⑥③⑥	tasks
②⒁⑥②⒌	taster
②⒁⑥②⑥	tastes
②⒁⑥②⑬	tasty
②⑮②⒌⑵	tattered
②⑮②⒌⑹	tatters
②⑮②⒅⑹	tattoos
②⒇⑿②⑥	taunts
②⑮⑷⒌⑿	tavern
②⑮③⑥②	taxed
②⑮③⑥⑬	taxi
②⒀⑧⒌⑹	teachers
②⒀⑧⑯⑹	teaches
②⒀⑧⑬⑩	teaching
②⒀③⒃①	teacup
②⒀⑫⑬⑩	teeming
②⒀①⑰②	teapot
②⒍④⑯⑪	tearful
②⒀⑹⑬⑩	teasing
②⒀⑵⒎⑥	tedious
②⒀⑵⒎⑫	tedium
②⒀⑿⒁⑻	teenage
②⑭⑪⑬⑩	telling
②⑭⑫①⒌	temper
②⑭⑫①⒄	tempo
②⑭⑫①②	tempt
②⑭⑿⑵⒌	tender
②⑭⑿⑵⑹	tends
②⑭⑿⑯②	tenet
②⑭⑿⑬⑥	tennis
②⑭⑿⑥②	tensed
②⑭⑿⑤⑥	tenths
②⑭⑿②⑥	tents
②⑭①⑬⑵	tepid
②⑭⑾⑯⑥	terrace
②⑭⑾⒍⑹	terriers
②⑭⑾⒌⑹	terrors
②⒋⑥⑪⑬	tersely
②⒋⑦⒌⑬	tertiary
②⑭⑥②⒌	tester
②⑭⑥②⑥	tests
②⑭③⑥②	text
⑤⑮⑩③②	thanked
⑤⑮⑩③⑥	thanks
⑤⒎②⒌⑹	theatres
⑤⑭④②⑥	thefts
⑤⒀⑬⑥②	theist
⑤⒍⑬⑥②	theorist
⑤⒋⑫⑯⑪	thermal
⑤⒋⑫⑯⑥	thermos
⑤⒀⑥⒀⑹	theses
⑤⒀⑥⑬⑥	thesis
⑤⑬③⑯⑿	thicken
⑤⑬③⑯②	thicket
⑤⑬③⑪⑬	thickly
⑤⑬⑩③⒌	thinker
⑤⑬⑩③⑥	thinks
⑤⑬⑿⑪⑬	thinly
⑤⑬⑿⑬⑩	thinning
⑤⒋⑵⑪⑬	thirdly
⑤⒋⑥②⑬	thirsty
⑤⒋②⒀⑿	thirteen
⑤⒋②⑬⑹	thirties
⑤⒋②⒎⑤	thirtieth
⑤⑬⑥⑯⑪	thistle
⑤⒉⑮③⑥	thorax
⑤⑾⑮⑦②	thrashed
⑤⑾⑭⑵⑹	threads
⑤⑾⑭②⑥	threats
⑤⑾⑬④②	thrift
⑤⑾⑬⑪⑵	thrilled
⑤⑾⑬⑪⒌	thriller
⑤⑾⑬⑪⑹	thrills
⑤⑾⒂⑷⑵	thrived
⑤⑾⒂⑷⑹	thrives
⑤⑾⒄②⑥	throats
⑤⑾⒄②⑬	throaty
⑤⑾⒅⑲②	throughout
⑤⑾⒄⑬⑩	throwing
⑤⑾⒃⑥②	thrust
⑤⒃⑵⑬⑩	thudding
⑤⒃⑫①②	thumped
⑤⒃⑿⑵⒌	thunder
⑤⒂⑾⒆⑵	thyroid
②⑬③⑯②	ticket
②⑬③⑬⑩	ticking
②⑬③⑯⑪	tickle
②⒂⑵⑯⑪	tidal
②⒂⑵⑬⑵	tidied
②⒂⑶⒌⑹	tigers
②⒂②⑯⑿	tighten
②⒂②⑪⑬	tightly
②⑬⑫⑴⒌	timber
②⒂⑫⑪⑬	timely
②⑬⑫⑬⑵	timid
②⒂⑫⑬⑩	timing
②⑬⑿⑻⑵	tinged
②⑬⑩③⒌	tinker
②⑬①⑬⑩	tipping
②⑬①⑯⑪	tipple
②⑬①⑥⑬	tipsy
②⑬①②⒄	tiptoe
②⒂⑾⒁⑵	tirade
②⒂⒌⑬⑩	tiring
②⑬⑦⒅⑹	tissues
②⒂②⑯⑪	title
②⒄⑥②⒌	toaster
②⑰⑵⑪⒌	toddler
②⒆⑪⑯②	toilet
②⒄③⑯⑿	token
②⒄⑿⑯⑪	tonal
②⑰⑿⑬③	tonic
②⑯⑿⒂②	tonight
②⒃⑿⑬⑻	tonnage
②⒅⑤⒁③	toothache
②⑰①⑬③	topic
②⑰①⑬⑩	topping
②⑰①⑯⑪	topple
②⒉⑧⑯⑹	torches
②⑰⑾⑬⑵	torrid
②⒉⑦⑯⑿	torsion
②⒉②⑯⑥	tortoise
②⒉⑧⒌⑵	tortured
②⑰⑥⑬⑩	tossing
②⒄②⑯⑪	total
②⒄②⑯⑫	totem
②⒃⑧⑯⑹	touches
②⒃⑧⑬⑩	touching
②⑱⒌⑬⑩	touring
②⑲②⑯⑵	touted
②⑲②⑬⑩	touting
②⑯⑼⒉⑵	toward
②⑲⑯⑪⑹	towels
②⑲⒌⑬⑩	towering
②⒄①⑳⑤	towpath
②⑾⒁⑥②	traced
②⑾⒁⑥⒌	tracer
②⑾⑯③⒎	trachea
②⑾⑮③②	tract
②⑾⑮③⑥	tracks
②⑾⒁⑵⒌	trader
②⑾⒁⑵⑹	trades
②⑾⒁⑪⑵	trailed
②⑾⒁⑪⒌	trailer
②⑾⒁⑪⑹	trails
②⑾⒁⑿⑵	trained
②⑾⒁⑿⒀	trainee
②⑾⒁⑿⒌	trainer
②⑾⒁⑿⑹	trains
②⑾⒁②⒌	traitor
②⑾⒁②⑥	traits
②⑾⑮⑫①	tramp
②⑾⑮⑫⑹	trams
②⑾⑳⑿⑥	trance
②⑾⑮①②	trapped
②⑾⑮①⑥	traps
②⑾⒇⑫⑯	trauma
②⑾⒇⑪⒌	trawler
②⑾⑭⑵⑹	treads
②⑾⑭⑺⒌	treasure
②⑾⒀②⑥	treats
②⑾⒀②⑬	treaty
②⑾⑭⑫⒌	tremor
②⑾⑭⑿⑧	trench
②⑾⑭⑿⑵	trend
②⑾⒂⑮⑵	triad
②⑾⒂⑯⑪	trial
②⑾⒂⑴⑹	tribes
②⑾⑬③②	tricked
②⑾⑬③⑥	tricks
②⑾⑬③⑬	tricky
②⑾⑬⑶⒌	trigger
②⑾⑬⑫⑵	trimmed
②⑾⑬①②	tripped
②⑾⑬①⑥	trips
②⑾⑬⑷⒎	trivia
②⑾⑰⑪⑬	trolley
②⑾⒄⑪⑹	trolls
②⑾⒅①②	trooped
②⑾⒅①⒌	trooper
②⑾⒅①⑥	troops
②⑾⒄④⑬	trophy
②⑾⑰④⑥	troughs
②⑾⑲⑹⒌	trouser
②⑾⑲⑯⑪	trowel
②⑾⒃③⑥	trucks
②⑾⒃⑻⑵	trudged
②⑾⒅⑪⑬	truly
②⑾⒃⑫①	trump
②⑾⒃⑩③	trunk
②⑾⒃⑥②	trust
②⑾⒅⑸⑹	truths
②⑾⒂⑬⑩	trying
②⒏⑴⒌⑹	tubers
②⒏⑴⑬⑩	tubing
②⒃③⑬⑩	tucking
②⒃④②⑥	tufts
②⒃⑶⑬⑩	tugging
②⒏⑫⒌⑹	tumours
②⒏⑿⑬③	tunic
②⒏⑿⑬⑩	tuning
②⒃⑿⑯⑪	tunnel
②⒋⑴⑯⑿	turban
②⒋⑴⒂⑿	turbine
②⒋⑻⑬⑵	turgid
②⒋③⑬⑹	turkeys
②⒋③⑬⑦	turkish
②⒋⑫⒆⑪	turmoil
②⒋⑿⑬⑩	turning
②⒋⑿③⒀	turnkey
②⒃⑾⑯②	turret
②⒋②⑯⑪	turtle
②⒃⑥③⑥	tusks
②⒃⑥⑯⑪	tussle
②⒏②⒌⑹	tutors
②⑼⒀⑵⑹	tweeds
②⑼⑭⑪⑷	twelve
②⑼⑬⑶⑹	twigs
②⑼⑬⑿⑻	twinge
②⑼⑬⑿⑹	twins
②⑼⒋⑪⑵	twirled
②⑼⑬⑥②	twist
②⑼⑬⑧②	twitched
②⒂③⒅⑿	tycoon
②⒂①⑬⑩	typing
⒃⑪⑥⒌⑹	ulcers
⒃⑪⑥②⒌	ulster
⒃⑪②⒍⒍	ulterior
⒃⑫①⒂⒌	umpire
⒃⑿⒈⑫⑵	unarmed
⒃⑿⑯⑼⒊	unaware
⒃⑿⑴⒉⑿	unborn
⒃⑩③⑯⑪	uncle
⒃⑿③⑪⒍	unclear
⒃⑿③⒅⑤	uncouth
⒃⑿③⒃②	uncut
⒃⑿⑵⑬⑵	undid
⒃⑿⑵⒃⑿	undone
⒃⑿⒋⑤②	unearthed
⒃⑿⒀⑹⑬	uneasy
⒃⑿④⑬②	unfit
⒃⑿⑽⒋⑵	unheard
⒃⑿⑽⒋②	unhurt
⒏⑿⑬④⒂	unify
⒏⑿⒎⑿⑹	unions
⒏⑿⒂②⑥	unites
⒏⑿⑬②⑥	units
⒏⑿⑬②⑬	unity
⒃⑿⑿⒄⑿	unknown
⒃⑿⑪⒀⑦	unleash
⑯⑿⑪⑭⑥	unless
⒃⑿⑪⒂③	unlike
⒃⑿⑪⑬②	unlit
⒃⑿⑪⒄⑵	unload
⒃⑿⑪⑰③	unlock
⒃⑿⑫⒁⑵	unmade
⒃⑿①⑮③	unpack
⒃⑿①⒁⑵	unpaid
⒃⑿⑾⑭⑵	unread
⒃⑿⑾⒎⑪	unreal
⒃⑿⑥⒁④	unsafe
⒃⑿⑥⒀⑿	unseen
⒃⑿⑥⒃⑩	unsung
⒃⑿⑦⑱⒌	unsure
⑯⑿②⑬⑪	until
⒃⑿②⑾⒅	untrue
⒃⑿⒏⑹⑵	unused
⒃⑿⑷⒁⑪	unveil
⒃⑿⑼⑭⑪	unwell
⒃⑿⑼⒂⑹	unwise
⒃①⑵⒁②	update
⒃①⑽⑬⑪	uphill
⒃①③⒀①	upkeep
⒃①⑾⒂②	upright
⒃①⑾⒅②	uproot
⒃①⑥⑭②	upset
⒃①⑦⑰②	upshot
⒃①⑥⒋⑻	upsurge
⒃①②⒁③	uptake
⒃①②⒂②	uptight
⒃①②⒋⑿	upturn
⒃①⑼⒌⑵	upward
⒋⑧⑬⑿⑹	urchins
⒋⑻⑯⑿②	urgent
⑨⑱⒌⑬⑿	urine
⒏⑥④⑯⑪	useful
⒏⑥⑪⑯⑥	useless
⒏⑺⑱⑯⑪	usual
⒏⑹⒋①⒌	usurper
⒏②⒌⑯⑥	uterus
⒏②⒄①⒎	utopia
⒃②⒌⑬⑩	uttering
⒃②⒌⑪⑬	utterly
⑷⑮③⒏⑫	vacuum
⑷⒁⑶⑪⑬	vaguely
⑷⒁⑿⑪⑬	vainly
⑷⑮⑪⑬⑵	valid
⑷⑮⑪⑬⑹	valleys
⑷⑮⑪⒏⑵	valued
⑷⑮⑪⒏⒌	valuer
⑷⑮⑪⒏⑹	values
⑷⑮⑪⑷⑹	valves
⑷⑮⑿⑬⑦	vanish
⑷⒁①⒌⑹	vapours
⑷⒊⒎⑿⑥	variance
⑷⒊⒎⑿②	variant
⑷⒈⑿⑬⑦	varnish
⑷⒊⑬⑬⑩	varying
⑷⑳⑹⑯⑹	vases
⑷⑮⑥⑯⑪	vassal
⑷⒀⒁②⒀	vat
⑷⒇⑪②⑥	vaults
⑷⑭③②⒌	vector
⑷⑭⑪⑯⑫	vellum
⑷⑭⑿⑵⒌	vendor
⑷⑭⑿⑯⑫	venom
⑷⒀⑿⑯⑥	venous
⑷⑭⑿②⑥	vents
⑷⑭⑿⑧⒌	venture
⑷⑭⑿⒏⑹	venues
⑷⒋⑴⑯⑪	verbal
⑷⒋⑻⑯⑹	verges
⑷⒋⑻⑬⑩	verging
⑷⒋⑫⑬⑿	vermin
⑷⒋⑥⑯⑹	verses
⑷⒋⑺⑯⑿	version
⑷⒋⑥⑯⑥	versus
⑷⑭⑥⑯⑪	vessel
⑷⑭⑥②⑥	vests
⑷⒀②⒄⑵	vetoed
⑷⑭②⑯⑵	vetted
⑷⑭③⑥②	vexed
⑷⑬③⒌⑹	vicars
⑷⒂⑥⑾⒆	viceroy
⑷⒂⑥⑯⑹	vices
⑷⑬⑦⑯⑥	vicious
⑷⑬③②⒌	victor
⑷⑬⑵⑬⒄	video
⑷⑬⑻⑬⑪	vigil
⑷⒂③⑬⑩	viking
⑷⑬⑪⑬⑻	village
⑷⑬⑪⑯⑿	villain
⑷⑬⑪⑯⑹	villas
⑷⒂⑿⑬⑪	vinyl
⑷⑬⒄⑪⑯	viola
⑷⒂⑯⑪⑯	viola
⑷⒀⒂①⒀	vip
⑷⒂⑾⑯⑪	viral
⑷⒋⑻⑬⑿	virgin
⑷⑬⑾⒂⑪	virile
⑷⒋⑧⒅⑹	virtues
⑷⒂⑾⑯⑥	virus
⑷⒀⑹⑯⑹	visas
⑷⑬⑺⑯⑿	vision
⑷⑬⑹⑬②	visit
⑷⑬⑥②⑯	vista
⑷⒂②⑯⑪	vital
⑷⑬⑷⑬⑵	vivid
⑷⒄③⑯⑪	vocal
⑷⑰⑵③⑯	vodka
⑷⒆⑥⑯⑹	voices
⑷⒆⑥⑬⑩	voicing
⑷⒄⑪②⑥	volts
⑷⑰⑪⒏⑫	volume
⑷⑰⑫⑬②	vomit
⑷⒄②⑯⑵	voted
⑷⒄②⒌⑹	voters
⑷⒄②⑬⑩	voting
⑷⒄②⑬⑷	votive
⑷⑲⑧⒌⑹	vouchers
⑷⑲⑯⑪⑹	vowels
⑷⒃⑪⑶⒌	vulgar
⑷⒃⑪⑧⒌	vulture
⑷⒃⑪⑷⑯	vulva
⑼⒁⑵⑯⑵	waded
⑼⒁⑵⒌⑹	waders
⑼⒁⑵⑬⑩	wading
⑼⒁⑻⑯⑹	wages
⑼⑮⑶⑬⑩	wagging
⑼⑮⑶⑯⑿	wagon
⑼⒁⑻⑬⑩	waging
⑼⒁⑪⑬⑩	whaling
⑼⒁②⑯⑵	waited
⑼⒁②⒌⑹	waiters
⑼⒁②⑬⑩	waiting
⑼⒁③⑯⑿	waken
⑼⒁③⑬⑩	waking
⑼⒇③⒌⑹	walkers
⑼⒇③⑬⑩	walking
⑼⑰⑪⑯②	wallet
⑼⒇⑪②⑥	waltz
⑼⑰⑿⑵⒌	wander
⑼⒁⑿⑬⑩	waning
⑼⑮⑩③⒌	wanker
⑼⑰⑿⑪⑬	wanly
⑼⑰⑿②⑥	wants
⑼⒉⑴⑪⒌	warbler
⑼⒉⑵⑯⑿	warden
⑼⒉⑵⒌⑹	warders
⑼⒊⑽⑲⑥	warehouse
⑼⒉⑽⑭⑵	warhead
⑼⒊⑬⑪⑬	warily
⑼⒉⑪⒂③	warlike
⑼⒉⑪⒉⑵	warlord
⑼⒉⑫⑬⑩	warming
⑼⒉⑫⑪⑬	warmly
⑼⒉⑿⑬⑩	warning
⑼⑰⑾⑯⑿	warren
⑼⑰⑾⒍⑹	warriors
⑼⒉⑦⑬①	warship
⑼⒉②⒂⑫	wartime
⑼⑰⑦⒌⑹	washers
⑼⑰⑦⑯⑹	washes
⑼⑰⑦⑬⑩	washing
⑼⑰⑥①⑥	wasps
⑼⒁⑥②⑥	wastes
⑼⑰⑧⒌⑹	watchers
⑼⑰⑧⑯⑹	watches
⑼⑰⑧⑬⑩	watching
⑼⒇②⒌⑵	watered
⑼⒇②⒌⑹	waters
⑼⒇②⒌⑬	watery
⑼⒁⑷⒌⑵	wavered
⑼⒁⑷⑬⑩	waving
⑼⑮③⑥②	waxed
⑼⒁⑴⑬⑪	waybill
⑼⒁⑥⒂⑵	wayside
⑼⒁⑼⒌⑵	wayward
⑼⒀③⑯⑿	weaken
⑼⒀③⑪⑬	weekly
⑼⑭⑪⑤⑬	wealthy
⑼⑭①⑯⑿	weapon
⑼⒍⑬⑪⑬	wearily
⑼⒀⑹⑯⑪	weasel
⑼⑭⑸⒌⑵	weathered
⑼⑭⑸⒌⑹	weathers
⑼⒀⑷⒌⑹	weavers
⑼⒀⑷⑬⑩	weaving
⑼⑭⑵⑬⑩	wedding
⑼⑭⑻⑯⑹	wedges
⑼⒀⑵⑬⑩	weeding
⑼⒀③⑵⒁	weekday
⑼⒀①⑬⑩	weeping
⑼⑭⑪④⒊	welfare
⑼⑭⑪⑬⑩	welling
⑼⑭⑪②⒌	welter
⑼⑭②⑬⑩	wetting
⑼⒀⑪⑧⒊	wheelchair
⑼⒀⑪⑬⑩	wheeling
⑼⒀⑹⑬⑩	wheezing
⑼⒊⑭⑷⒌	wherever
⑼⒂⑪⑥②	whilst
⑼⑬⑫①⒌	whimper
⑼⒂⑿⑬⑩	whining
⑼⑬①⑬⑩	whipping
⑼⒋⑪⑬⑩	whirling
⑼⑬⑥③②	whisked
⑼⑬⑥③⒌	whisker
⑼⑬⑥③⑬	whisky
⑼⑬⑥①⒌	whisper
⑼⑬⑥⑯⑪	whistle
⑼⒂②⑬⑦	whitish
⑼⑬⑹⑬⑩	whizzing
⑽⒅⑭⑷⒌	whoever
⑽⒄⑪⑪⑬	wholly
⑽⒅①⑬⑩	whooping
⑼⑬③⑯⑵	wicked
⑼⑬③⑯②	wicket
⑼⒂⑵⑪⑬	widely
⑼⒂⑵⑯⑿	widen
⑼⑬⑵⒄⑵	widowed
⑼⑬⑵⒄⒌	widower
⑼⑬⑵⒄⑹	widows
⑼⑬⑵⑤⑥	widths
⑼⒂⑪⑵⒌	wilder
⑼⒂⑪⑵⑹	wilds
⑼⑬⑪⑬⑩	willing
⑼⑬⑪⒄⑹	willows
⑼⑬⑿⑥②	winced
⑼⑬⑿⑵⒄	window
⑼⑬⑿⑵⑹	winds
⑼⒂⑿⑵⑹	winds
⑼⑬⑿⑵⑬	windy
⑼⑬⑩⒌⑹	wingers
⑼⑬⑩③②	winked
⑼⑬⑿⒌⑹	winners
⑼⑬⑿⑬⑩	winning
⑼⑬⑿②⒌	winter
⑼⒂①⒌⑹	wipers
⑼⒂①⑬⑩	wiping
⑼⒂⒌⑬⑩	wiring
⑼⒂⑹⑪⑬	wisely
⑼⑬⑦⑯⑹	wishes
⑼⑬⑦⑬⑩	wishing
⑼⑬⑥①⑥	wisps
⑼⑬⑥①⑬	wispy
⑼⑬⑧⑯⑹	witches
⑼⑬⑸⒌⑵	withered
⑼⑬⑸⑬⑿	within
⑼⑬⑸⑲②	without
⑼⑬⑹⒌⑵	wizard
⑼⑰⑴⑪⑬	wobbly
⑼⒄③⑯⑿	woken
⑼⒄⑪⑵⑹	wolds
⑼⑱⑪⑷⑹	wolves
⑼⑱⑫⑯⑿	woman
⑼⑬⑫⑬⑿	women
⑼⒃⑿⑵⒌	wonder
⑼⑱⑵⑯⑵	wooded
⑼⑱⑵⑯⑿	wooden
⑼⑱⑪⑯⑿	woollen
⑼⒋⑵⑯⑵	worded
⑼⒋⑵⑬⑩	wording
⑼⒋③⒌⑹	workers
⑼⒋③⑬⑩	working
⑼⒋⑪⑵⑹	worlds
⑼⒃⑾⑬⑵	worried
⑼⒃⑾⑬⑹	worries
⑼⒋⑥⑯⑿	worsen
⑼⒋⑦⑬①	worship
⑼⒅⑿⑵⑹	wounds
⑼⒄⑷⑯⑿	woven
⑾⑮①⒌⑹	wrappers
⑾⑮①⑬⑩	wrapping
⑾⑭③⑬⑻	wreckage
⑾⑭③⑬⑩	wrecking
⑾⑭⑿⑧②	wrenched
⑾⑭⑥⑯⑪	wrestle
⑾⑭⑥⑪⒌	wrestler
⑾⑭⑧⑯⑵	wretched
⑾⑬⑶⑯⑪	wriggle
⑾⑬⑥②⑥	wrists
⑾⒂②⒌⑹	writers
⑾⒂⑸⑬⑩	writhing
⑾⒂②⑬⑩	writing
⑾⑬②⑯⑿	written
⑾⑰⑩⑪⑬	wrongly
⑹⒍⑰③⑥	xerox
⑨⑰②⑬⑩	yachting
⑨⑮⑩③②	yanked
⑨⑮⑩③⑬	yankee
⑨⑮⑩③⑥	yanks
⑨⒇⑿⑬⑩	yawning
⑨⒍⑴⑱③	yearbook
⑨⒋⑿⑬⑩	yearning
⑨⑭⑪⑬⑩	yelling
⑨⑭⑪⒄⑹	yellows
⑨⒄⑫⑯⑿	yeoman
⑨⑬⑵⑬⑦	yiddish
⑨⒀⑪⑵⑹	yields
⑨⒄⑶⒌②	yoghurt
⑨⑰⑶⒌②	yogurt
⑨⑰⑿⑵⒌	yonder
⑨⒃⑩⑶⒌	younger
⑨⒃⑩⑬⑦	youngish
⒏⑤④⑯⑪	youthful
⑹⑭⑪⑯⑥	zealous
⑹⑭⑴⑾⑯	zebra
⑹⑭⑿⑬⑤	zenith
⑹⑰⑫⑴⑬	zombie
⑹⒄⑿⑯⑪	zonal
⑹⒅⑫⑬⑩	zooming
⒄②⑳③⒅	otaku