②⑼⑰⑹	'twas
②⑼⒀⑿	'tween
②⑼⑬⑪	twill
②⑼⑱⑵	'twould
⑯⑴⑮③	aback
⑯⑴⒁⑥	abase
⑯⑴⑮⑦	abash
⑯⑴⒁②	abate
⑮⑴⒁⑹	abbes
⑮⑴⑭⑥	abbess
⑮⑴⑬⑹	abbeys
⑮⑴⑯②	abbot
⑯⑴⒀⑫	abeam
⑯⑴⑭⑵	abed
⑯⑴⑭②	abet
⑯⑴⑽⒉	abhor
⑯⑴⒂⑵	abide
⒁⑴⑯⑪	able
⒁⑴⑪⒌	abler
⒁⑴⑪⑬	ably
⑯⑴⒉⑵	aboard
⑯⑴⒄⑵	abode
⑯⑴⒉②	abort
⑮⑴⒄⑹	abos
⑯⑴⑲②	about
⑯⑴⒃⑷	above
⑯⑴⒏⑥	abuse
⑯⑴⒏⑹	abuse
⑯⑴⒃②	abut
⑯⑴⑬⑥	abyss
⑯③⒉⑵	accord
⑯③⑾⒅	accrue
⑯③⒏⑹	accuse
⒁⑥⑯⑹	aces
⑯⑧⒀⑷	achieve
⒁③⑬⑩	aching
⑮⑥⑬⑵	acid
⑮③⑫⑬	acme
⑮③⑿⑬	acne
⒁③⒉⑿	acorn
⑮③⑼⑯	acqua
⒁③⒌⑹	acres
⑮③②⒌	actor
⑮③②⑥	acts
⑯③⒏②	acute
⑮⑵⑬⑻	adage
⑮⑵⑯⑵	added
⑮⑵⒌⑹	adders
⑮⑵⑬⑩	adding
⑮⑵⑯⑪	addle
⑯⑵⒏⑥	adduce
⑯⑵⑽⒍	adhere
⑯⑵⒏⑹	adieus
⑯⑻⒆⑿	adjoin
⑯⑻⒋⑿	adjourn
⑯⑻⒃⑻	adjudge
⑯⑻⑱⒌	adjure
⑯⑵⒉⑵	adored
⑯⑵⒉⒌	adorer
⑯⑵⒉⑹	adores
⑯⑵⒉⑿	adorn
⒀⑻⑬⑥	aegis
⒀⑰⑿⑹	aeons
⒊⒁②⑥	aerates
⒊⒎⑪⑹	aerials
⑯④⒍⑵	afeared
⑯④⒊⑹	affairs
⑯④⒋⑫	affirm
⑯④⒉⑵	afford
⑯④⑾⒁	affray
⑯④⒂⒌	afire
⑯④⑱②	afoot
⑯④⑲⑪	afoul
⑳④②⒌	after
⑯⑶⒁⑿	again
⑯⑶⒁①	agape
⑮⑶⑯②	agate
⒁⑻⑯⑵	aged
⒁⑻⑬⑩	ageing
⒁⑻⑯⑹	ages
⑮⑶⑾⒄	aggro
⑮⑻⒂⑪	agile
⑯⑶⑬⑿	agin
⑯⑶⑪⒄	aglow
⑯⑶⑰⑶	agog
⑮⑶⒌⑯	agora
⑯⑶⑾⒀	agree
⒁⑶⒏⑹	agues
⑯⑽⑭⑵	ahead
⑯⑽⑯⑫	ahem
⒁⑵⑯⑵	aided
⒁⑵⑬⑩	aiding
⒁⑪⑬⑩	ailing
⒁⑫⑬⑩	aiming
⒊⑴⑭⑵	airbed
⒊⑴⒉⑿	airborne
⒊③⑾⒅	aircrew
⒊⑵⒁⑪	airedale
⒊④⑪⒄	airflow
⒊⑬⑪⑬	airily
⒊⑬⑩⑹	airings
⒊⑪⑯⑥	airless
⒊⑪⒂⑿	airline
⒊⑪⑰③	airlock
⒊⑫⒁⑪	airmail
⒊⑫⑯⑿	airman
⒊⑫⑭⑿	airmen
⒊①⒉②	airport
⒊⑦⑬①	airship
⒊②⒂②	airtight
⒊⑼⒁⑹	airways
⒁⑧⑯⑹	aitches
⑯③⑬⑿	akin
⑯⑪⑮③	alack
⑯⑪⒈⑫	alarm
⑯⑪⑮⑥	alas
⑮⑪⑴⑹	albs
⒇⑪⑵⒌	alder
⑯⑪⒋②	alert
⑮⑪⑶⑯	alga
⑮⑪⑶⒀	algae
⒁⑪⒎⑥	alias
⒁⑪⒎⑿	alien
⑯⑪⒂②	alight
⑯⑪⒂⑿	align
⑯⑪⒂③	alike
⑯⑪⒂⑷	alive
⑯⑪⒁⑵	allayed
⑯⑪⒁⑹	allays
⑯⑪⑭⑻	allege
⑮⑪⑬⑹	alleys
⑯⑪⒂⑵	allied
⑮⑪⒂⑹	allies
⑯⑪⒂⑹	allies
⑯⑪⑰②	allot
⑯⑪⑲⑵	allowed
⑯⑪⑲⑹	allows
⑯⑪⒆⑵	alloyed
⑮⑪⒆⑹	alloys
⑯⑪⒆⑹	alloys
⑯⑪⒅⑵	allude
⑯⑪⑱⒌	allure
⑮⑪⒄⑹	aloes
⑯⑪⒄⑿	alone
⑯⑪⑰⑩	along
⑯⑪⒅④	aloof
⑮⑪④⑯	alpha
⑮⑪①⑥	alps
⒇⑪⑥⒄	also
⒇⑪②⒌	alter
⒇⑪⑸⒄	although
⑮⑪②⒄	alto
⑮⑪⑯⑫	alum
⑳⑫⑯⑹	amahs
⑯⑫⒁⑿	amain
⑯⑫⑮⑥	amass
⑯⑫⒁⑹	amaze
⑮⑫⑴⒌	amber
⑯⑫⒍⑹	amirs
⑳⑫⑭⑿	amen
⑯⑫⑬⑵	amid
⑯⑫⑬⑥	amiss
⑯⑫⑰③	amok
⑯⑫⒃⑩	among
⑯⑫⑱⒌	amour
⑮⑫①②	amped
⑮⑫①⒊	ampere
⑮⑫①⑥	amps
⑯⑫⒃③	amuck
⑯⑫⒏⑹	amuse
⒁⑿⑯⑪	anal
⑮⑩③⒌	anchor
⑮⑩⑶⒌	anger
⑮⑩⑥②	angst
⑮⑿⒀⑥	anise
⑮⑿⑯⑹	annas
⑯⑿⒀⑪	anneal
⑯⑿⒆⑵	annoyed
⑯⑿⒆⑹	annoys
⑯⑿⒃⑪	annul
⑮⑿⑯⑫	annum
⑮⑿⒄⑵	anode
⑯⑿⑰⑿	anon
⑳⑿⑥⒌	answer
⑮⑿②⑬	anti
⑮⑿⑤⒌	anther
⑮⑿②⑥	ants
⒁⑿⑯⑥	anus
⒁⒉②⑯	aorta
⑯①⒁⑥	apace
⑯①⒈②	apart
⒁④⑬⑵	aphid
⒁④⑬⑥	aphis
⒁①⒍⑬	apiary
⑯①⒀⑥	apiece
⒁①⑬⑩	aping
⒁①⑬⑦	apish
⑮①⑿⒎	apnoea
⑯①⒇⑪	appal
⑯①⒀⑪	appeal
⑯①⒍⑵	appeared
⑯①⒍⑹	appears
⑯①⒀⑹	appease
⑮①⑯⑪	apple
⑯①⑪⒂	apply
⑮①⑾⒄	appro
⑮①②⒌	apter
⑮⑾⑯⑴	arab
⒈⑴⒌⑹	arbours
⒈③⒁⑵	arcade
⒈③⒁⑿	arcane
⒈⑧⒌⑹	archers
⒈⑧⒌⑬	archery
⒈⑧⑯⑹	arches
⒈⑧⑬⑩	arching
⒈③⒂⑷	archive
⒈⑧⑪⑬	archly
⒈⑧⑼⒁	archway
⒈③⑬⑩	arcing
⒈⑵⒌⑹	ardours
⒌⒀⑿⑯	arena
⑮⑾⑭②	arete
⒈⑶⑰⑿	argon
⒈⑶⒏⑵	argued
⒈⑶⒏⑹	argues
⒈⑶⑯⑥	argus
⑮⑾⑬⑵	arid
⒈⑫⑧⒊	armchair
⒈⑫⑬⑹	armies
⒈⑫⑬⑩	arming
⒈⑫⑼⒈	armoire
⒈⑫⒌⑵	armoured
⒈⑫⒌⒌	armourer
⒈⑫⒌⑬	armoury
⒌⒄⑫⑯	aroma
⒌⑲⑿⑵	around
⒌⑲⑹⑵	aroused
⑮⑾⑮③	arrack
⒌⒁⑿⑵	arraigned
⒌⒁⑿⑹	arraigns
⒌⒁⑿⑻	arrange
⑮⑾⑯⑥	arras
⒌⒁⑬⑩	arraying
⒌⑭⑥②	arrest
⒌⒂⑷⑵	arrived
⒌⒂⑷⑹	arrives
⑮⑾⒄⑹	arrows
⑮⑾⒄⑬	arrowy
⒈⑥⑯⑹	arses
⒈⑥⑯⑿	arson
⒈②⒌⑬	artery
⒊⑯⑫⑹	arums
⒊⒎⑿⑹	aryans
⑮⑥③⑬	ascii
⑮⑦⑯⑿	ashen
⑮⑦⑯⑹	ashes
⒁⑺⑯⑿	asian
⑯⑥⒂⑵	aside
⑳⑥③②	asked
⑯⑥③⒏	askew
⑳⑥③⑥	asks
⑮⑥①⑬	aspie
⑮⑥①⑥	asps
⑯⑥⒁⑪	assail
⑯⑥⒁⑵	assayed
⑯⑥⒁⑹	assays
⑯⑥⒋②	assert
⑮⑥⑯⑹	asses
⑯⑥⑭⑥	assess
⑮⑥⑭②	asset
⑯⑥⒂⑿	assign
⑯⑥⒂⑹	assize
⑯⑥⒏⑫	assume
⑯⑦⑱⒌	assure
⑮⑥②⒌	aster
⑮⑥⑫⑯	asthma
⑯⑥②⒋	astir
⑮②⑰⑪	atoll
⑮②⑯⑫	atom
⑯②⒄⑿	atone
⑯②⑰①	atop
⑯②⑮⑧	attach
⑯②⑮③	attack
⑯②⒁⑿	attain
⑮②⑬③	attic
⑯②⒂⒌	attire
⑯②⒏⑿	attune
⒇⑴⒌⑿	auburn
⒇⑵⑬⒄	audio
⒇⑵⑬②	audit
⒇⑶⒌⑹	augurs
⒇⑶⒌⑵	augured
⑳⑿②⑬	auntie
⑳⑿②⑥	aunts
⒉⑬⒄⑪	aureole
⒉⒉⑯⑪	auroral
⒉⒉⑯⑹	auroras
⑰⑹⑬⑹	aussies
⒇⑥②⒍	austere
⒇⑤⒌⑹	authors
⒇②⒄⑹	autos
⒇②⑯⑫	autumn
⑯⑷⒁⑪	avail
⑯⑷⒋⑵	averred
⑯⑷⒋⑹	avers
⑯⑷⒋⑥	averse
⑯⑷⒋②	avert
⒁⑷⒍⑬	aviary
⑮⑷⑬⑵	avid
⑯⑷⒆⑵	avoid
⑯⑷⑲⑧	avouch
⑯⑷⑲⑵	avowed
⑯⑷⑲⑹	avows
⑯⑼⒁②	await
⑯⑼⒁③	awake
⑯⑼⒉⑵	award
⑯⑼⑰⑦	awash
⒇⑥⑯⑫	awesome
⒇④⑯⑪	awful
⑯⑼⒂⑪	awhile
⒇⑿⑬⑩	awning
⑯⑼⒄③	awoke
⒁⑼⑰⑪	awol
⑮③⑥②	axed
⑮⑺⒌⑹	azures
⑴⑳⑬⑩	baaing
⑴⒁⑴⑹	babes
⑴⑳⑴⒅	babu
⑴⒁⑴⑬	baby
⑴⑮③⑬	baccy
⑴⑮③②	backed
⑴⑮③⒌	backer
⑴⑮③⑥	backs
⑴⑮⑻⒌	badger
⑴⑮⑶⑵	bagged
⑴⑮⑶⑬	baggy
⑴⑮⑶⑹	bags
⑴⒁⑪⑵	bailed
⑴⒁⑪⒀	bailee
⑴⒁⑪⑬	bailey
⑴⒁⑪⒉	bailor
⑴⒁⑪⑹	bales
⑴⒊⑿⑹	bairns
⑴⒁②⑥	baits
⑴⒁③②	baked
⑴⒁③⒌	baker
⑴⒁③⑥	bakes
⑴⒇⑪⑵	bald
⑴⒇③②	baulked
⑴⒇③⑥	baulks
⑴⑮⑪⒁	ballet
⑴⒇⑪⑹	balls
⑴⑮⑪⑬	bally
⑴⑳⑫⑬	balmy
⑴⑮⑿⑵	band
⑴⑮⑩⑵	banged
⑴⑮⑩⒌	banger
⑴⑮⑩⑹	bangs
⑴⑮⑩③	bank
⑴⑮⑿⒌	banner
⑴⑮⑿⑹	bans
⑴⑮⑿②	bant
⑴⒈⑴⑵	barbed
⑴⒈⑴⒌	barber
⑴⒈⑴⑹	barbs
⑴⒈⑵⑹	bards
⑴⒊⑪⑬	barely
⑴⒈⑻⑵	barged
⑴⒈⑻⒀	bargee
⑴⒊⑬⑩	bearing
⑴⒊⒎⑫	barium
⑴⒈③②	barked
⑴⒈③⒌	barker
⑴⒈③⑥	barks
⑴⒈⑪⑬	barley
⑴⒈⑫⑬	barmy
⑴⒈⑿⑹	barns
⑴⒌⑰③	baroque
⑴⒌⒅⑦	barouche
⑴⑮⑾⒍	barrier
⑴⒈⑬⑩	barring
⑴⑮⑾⒄	barrow
⑴⒈②⒌	barter
⑴⒁⑥②	based
⑴⒁⑥⒌	baser
⑴⑮⑦②	bashed
⑴⑳⑥③	bask
⑴⑮⑥②	bast
⑴⑳⑤②	bathed
⑴⒁⑸⑵	bathed
⑴⒁⑸⒌	bather
⑴⒁⑸⑹	bathes
⑴⑳⑤⑥	baths
⑴⑳⑸⑹	baths
⑴⑮②⑥	bats
⑴⑮②⒌	batter
⑴⑮②⒅	battue
⑴⑮②⑬	batty
⑴⒇⑴⒀	bawbee
⑴⒇⑵⑹	bawds
⑴⒇⑵⑬	bawdy
⑴⒁⑬⑩	baying
⑴⒂⒅⑹	bayous
⑴⑯⑹⒈	bazaar
⑴⒀⑥⒀	bc
⑴⒀⑧②	beached
⑴⒀⑵⑹	beads
⑴⒀⑵⑬	beady
⑴⒀③②	beaked
⑴⒀③⒌	beaker
⑴⒀③⑥	beaks
⑴⒀⑫⑵	beamed
⑴⒀⑫⑹	beams
⑴⒀⑿⒄	beano
⑴⒀⑿⑹	beans
⑴⒍⑵⑹	beards
⑴⒊⒌⑹	bearers
⑴⒊⑬⑦	bearish
⑴⒀⑥②	beast
⑴⒀②⒌	beater
⑴⒀②⑥	beats
⑴⒏②⑬	beauty
⑴⒀⑷⒌	beaver
⑴⑭③⑥	becks
⑴⑭⑵⑹	beds
⑴⒀④②	beefed
⑴⒀④⑥	beefs
⑴⒀④⑬	beefy
⑴⒀①⑥	beeps
⑴⒍⑬⒌	beerier
⑴⒀⑷⑹	beeves
⑴⑬④⒉	before
⑴⑭⑶⒌	beggar
⑴⑭⑶⑵	begged
⑴⑭⑶⑹	begs
⑴⒀⑬⑩	being
⑴⑬⑪⒁	belay
⑴⑭⑪⑧	belch
⑴⑬⑪⒂	belie
⑴⑭⑪⑯	bella
⑴⑭⑪⑵	belled
⑴⑭⑪⑹	bells
⑴⑭⑪⒄	bellow
⑴⑭⑪⑬	belly
⑴⑬⑪⒄	below
⑴⑭⑪②	belt
⑴⑭⑿⑧	bench
⑴⑭⑿⑵	bend
⑴⑭⑿⑬	benny
⑴⑭⑿⑹	bens
⑴⑭⑿②	bent
⑴⑭⑾⒁	beret
⑴⒋⑶⑹	bergs
⑴⑭⑾⑬	bury
⑴⒋⑤②	berthed
⑴⒋⑤⑥	births
⑴⑭⑥②	best
⑴⒀②⑯	beta
⑴⑭②⑥	bets
⑴⑭②⒌	better
⑴⑭⑷⑬	bevy
⑴⑬⑼⒊	beware
⑴⒂⑯⑥	bias
⑴⑬⑴⑵	bibbed
⑴⑬⑴⑹	bibs
⑴⑬③⒌	bicker
⑴⑬⑵⒌	bidder
⑴⒂⑵⑹	bides
⑴⒀⑵⒁	bidet
⑴⑬⑵⑹	bids
⑴⑬④②	biffed
⑴⑬④⑥	biffs
⑴⑬⑶⒌	bigger
⑴⒂②⑥	bites
⑴⒀⑺⒅	bijou
⑴⒂③②	biked
⑴⒂③⑥	bikes
⑴⑬⑪⑻	bilge
⑴⑬⑪③	bilk
⑴⑬⑪⑵	build
⑴⑬⑪⑹	bills
⑴⑬⑪⑬	billy
⑴⒂⑿⑵	bind
⑴⒂⑿⑹	bines
⑴⑬⑿⑻	binge
⑴⑬⑿⑹	bins
⑴⒋⑧②	birched
⑴⒋⑵⑹	birds
⑴⒂⑾⒄	biro
⑴⑬⑧②	bitched
⑴⑬⑧⑬	bitchy
⑴⑬②⑥	bits
⑴⑬②⒌	bitter
⑴⑬⑹⒈	bizarre
⑴⑪⑮⑴	blab
⑴⑪⑮③	black
⑴⑪⒁⑵	blade
⑴⑪⒁⑫	blame
⑴⑪⒊⑵	blared
⑴⑪⒊⑹	blares
⑴⑪⒁⑹	blaze
⑴⑪⒀⑧	bleach
⑴⑪⒀③	bleak
⑴⑪⒍⑵	bleared
⑴⑪⒍⑬	bleary
⑴⑪⒀②	bleat
⑴⑪⑭⑵	bled
⑴⑪⒀⑵	bleed
⑴⑪⒀①	bleep
⑴⑪⑭⑥	bless
⑴⑪⒂②	blight
⑴⑪⑬①	blip
⑴⑪⑬⑥	bliss
⑴⑪⒂⑸	blithe
⑴⑪⒄②	bloat
⑴⑪⑰⑴	blob
⑴⑪⑰③	block
⑴⑪⑰⑶	blog
⑴⑪⒄③	bloke
⑴⑪⒃⑵	blood
⑴⑪⒅⑫	bloom
⑴⑪⑰②	blot
⑴⑪⑰⑧	blotch
⑴⑪⑲⑹	blouse
⑴⑪⒄⑵	blowed
⑴⑪⒄⒌	blower
⑴⑪⒄⑿	blown
⑴⑪⒄⑹	blows
⑴⑪⒅⑵	blued
⑴⑪⒅⒌	bluer
⑴⑪⒅⑹	blues
⑴⑪⒃④	bluff
⑴⑪⒋⑴	blurb
⑴⑪⒋⑵	blurred
⑴⑪⒋⑬	blurry
⑴⑪⒋⑹	blurs
⑴⑪⒋②	blurt
⑴⑪⒃⑦	blush
⑴⒉⑵⒌	border
⑴⒉⑵⑹	boards
⑴⒄⑯⑹	boas
⑴⒄⑥②	boast
⑴⒄②⒌	boater
⑴⒄②⑥	boats
⑴⑰⑴⑵	bobbed
⑴⑰⑴⑬	bobby
⑴⑰⑴⑹	bobs
⑴⒄⑵⑹	bodes
⑴⑰⑵⑬	body
⑴⒄⑶⑬	bogey
⑴⑰⑶⑵	bogged
⑴⑰⑶⑬	boggy
⑴⑰⑶⑹	bogs
⑴⒆⑪⑵	boiled
⑴⒆⑪⒌	boiler
⑴⒆⑪⑹	boils
⑴⒆⑩⑹	boings
⑴⒄③⒁	bokeh
⑴⒄⑪⑵	bold
⑴⒄⑪⑹	bowls
⑴⒄⑪②	bolt
⑴⑰⑫⑵	bombed
⑴⑰⑫⒌	bomber
⑴⑰⑫⑹	bombs
⑴⑰⑿⑵	bond
⑴⒄⑿⑵	boned
⑴⒄⑿⒌	boner
⑴⒄⑿⑹	bones
⑴⒄⑿⑬	bony
⑴⑰⑿⑬	bonny
⑴⒅⑴⑵	boobed
⑴⒅⑴⑹	boobs
⑴⒅⑴⑬	booby
⑴⒅⑶⑬	boogie
⑴⒅⑬⑩	booing
⑴⑱③②	booked
⑴⑱③⑬	bookie
⑴⑱③⑥	books
⑴⒅⑫⑵	boomed
⑴⒅⑫⑹	booms
⑴⒅⑿⑹	boons
⑴⑱⒌⑹	boors
⑴⒅⑥②	boost
⑴⒅②⒀	bootee
⑴⒅⑤⑥	booths
⑴⒅②⑥	boots
⑴⒅②⑬	booty
⑴⒅⑹⑵	boozed
⑴⒅⑹⒌	boozer
⑴⒅⑹⑬	boozy
⑴⒉⑵⒄	bordeaux
⑴⒉⒌⑹	borers
⑴⒉⑬③	boric
⑴⒉⑬⑩	boring
⑴⒉⑰⑿	boron
⑴⒃⑾⑯	borough
⑴⑰⑾⒄	borrow
⑴⒉⑦②	bortsch
⑴⒉⑹⒆	borzoi
⑴⑰⑥②	bossed
⑴⑰⑥⑬	bossy
⑴⑰⑧②	botched
⑴⑰⑧⒌	botcher
⑴⑰⑸⒌	bother
⑴⑰②⑥	bots
⑴⑲⑿⑥	bounce
⑴⑲⑿⑵	bound
⑴⒅③⒁	bouquet
⑴⒉⑿⑹	bournes
⑴⑲②⑥	bouts
⑴⑲⑯⑪	bowel
⑴⑲⒌⑹	bowers
⑴⑲⑬⑩	bowing
⑴⒄⑬⑩	bowing
⑴⒄⑪⒌	bowler
⑴⑰③⑥	box
⑴⒆⑬⑦	boyish
⑴⑾⒁⑥	brace
⑴⑾⑮⑵	brad
⑴⑾⒁⑹	braes
⑴⑾⑮⑶	brag
⑴⑾⒁⑵	braid
⑴⑾⒁⑪	braille
⑴⑾⒁⑿	brain
⑴⑾⒁③	break
⑴⑾⑮⑿	bran
⑴⑾⑳⑹	bras
⑴⑾⑮⑦	brash
⑴⑾⑳⑥	brass
⑴⑾⑮②	brat
⑴⑾⒁⑷	brave
⑴⑾⒇⑪	brawl
⑴⑾⒇⑿	brawn
⑴⑾⒀⑧	breach
⑴⑾⑭⑵	bread
⑴⑾⒀⑫	bream
⑴⑾⑭⑤	breath
⑴⑾⒀⑸	breathe
⑴⑾⒀⑵	breed
⑴⑾⒀⑹	breeze
⑴⑾⑭⑿	bren
⑴⑾⒀⑷	breve
⑴⑾⒅⑵	brood
⑴⑾⒅⒌	brewer
⑴⑾⒅⑹	bruise
⑴⑾⒂⒌	briar
⑴⑾⒂⑴	bribe
⑴⑾⑬③	brick
⑴⑾⒂⑵	bride
⑴⑾⑬⑻	bridge
⑴⑾⒀④	brief
⑴⑾⑬⑶	brig
⑴⑾⒂②	bright
⑴⑾⑬⑪	brill
⑴⑾⑬⑫	brim
⑴⑾⒂⑿	brine
⑴⑾⑬⑩	bring
⑴⑾⑬②	brit
⑴⑾⒄⑧	brooch
⑴⑾⒇⑵	broad
⑴⑾⒄⑶	brogue
⑴⑾⒆⑪	broil
⑴⑾⒄③	broke
⑴⑾⑱③	brook
⑴⑾⒅⑫	broom
⑴⑾⒄⑹	bros
⑴⑾⑰⑤	broth
⑴⑾⒇②	brought
⑴⑾⑲⑵	browed
⑴⑾⑲⑿	brown
⑴⑾⑲⑹	brows
⑴⑾⒅②	brute
⑴⑾⒃⑦	brush
⑴⒃③②	bucked
⑴⒃③⑥	bucks
⑴⒃⑵⑬	buddy
⑴⒃⑻⑵	budged
⑴⒃⑻⑬	budgie
⑴⒃⑵⑹	buds
⑴⒃④②	buffed
⑴⒃④⒌	buffer
⑴⑱④⒁	buffet
⑴⒃④⑥	buffs
⑴⒃⑶⑵	bugged
⑴⒃⑶⒌	bugger
⑴⒃⑶⑬	buggy
⑴⒃⑶⑹	bugs
⑴⑬⑪②	built
⑴⒃⑪⑴	bulb
⑴⒃⑪⑻	bulge
⑴⒃⑪③	bulk
⑴⑱⑪⑹	bulls
⑴⑱⑪⑬	bully
⑴⒃⑫⑵	bummed
⑴⒃⑫①	bump
⑴⒃⑫⑹	bums
⑴⒅⑿⑯	buna
⑴⒃⑿⑧	bunch
⑴⒃⑩⑵	bunged
⑴⒃⑩⑹	bungs
⑴⒃⑩③	bunk
⑴⒃⑿⑬	bunny
⑴⒃⑿⑹	buns
⑴⒆⑬⑩	buoying
⑴⒋⑶⒌	burger
⑴⒋③②	burked
⑴⒋③⑥	burkes
⑴⒋⑪⑬	burly
⑴⒋⑿⑵	burned
⑴⒋⑿⒌	burner
⑴⒋⑿⑹	burns
⑴⒋⑿②	burnt
⑴⒋①②	burped
⑴⒋①⑥	burps
⑴⒃⑾⒄	burrow
⑴⒋⑥⒌	bursar
⑴⒋⑥②	burst
⑴⒃⑥②	bust
⑴⑱⑦⑬	bushy
⑴⑬⑹⑬	busy
⑴⑱⑧⒌	butcher
⑴⒃②⒌	butter
⑴⒃②⑥	butts
⑴⒂⒌⑹	buyers
⑴⒂⑬⑩	buying
⑴⒂⑲②	buyout
⑴⒃⑹⑵	buzzed
⑴⒃⑹⒌	buzzer
⑴⒂⑪⒇	bylaw
⑴⒂⑼⒁	byway
③⑮⑴⑬	cabby
③⒁⑴⒌	caber
③⑮⑴⑹	cabs
③⑮⑦②	cashed
③⑮⑦⒁	cachet
③⑮⑦⒅	cashew
③⑮⑵⑬	caddie
③⑮⑻⑵	cadged
③⑮⑻⒌	cadger
③⑮⑵⑹	cads
⑥⒀⑹⒌	caesar
③⑮④⒁	cafe
③⑮④⑥	caffs
③⒁⑻⑵	caged
③⒁⑻⑬	cagey
③⒊⑿⑹	cairns
③⒁③②	caked
③⒁③⑥	cakes
③⒇③②	caulked
③⒇③⑥	calks
③⒇⑪⑵	called
③⒇⑪⒌	caller
③⑮⑪⒄	callow
③⒇⑪⑹	calls
③⑳⑫⑵	calmed
③⑳⑫⒌	calmer
③⑳⑫⑹	calms
③⑳⑷⑵	calved
③⑳⑷⑹	calves
③⑮⑫①	camp
③⑮⑫⑹	cams
③⑳⑿②	can't
③⒁⑿⑵	caned
③⒁⑿⑹	canes
③⑮⑿⑯	canna
③⑮⑿⑵	canned
③⑮⑿⑬	canny
③⑯⑿⒅	canoe
③⑮⑿⑹	cans
③⑮⑿②	cant
③⒁①⒌	caper
③⒁①⑥	capes
③⑮①②	capped
③⑮①⑥	caps
③⒌⑮④	carafe
③⒈⑴⒆	carboy
③⒈⑵⑹	cards
③⒌⒀⑿	careen
③⒌⒍⑵	careered
③⒌⒍⑹	careers
③⒊⒌⑹	carers
③⒌⑭⑥	caress
③⒈⑶⒄	cargo
③⒊⒀⑹	caries
③⒊⑬⑩	caring
③⒊⒎⑥	carious
③⒌⑲⑹	carouse
③⒈①②	carped
③⒈①⑥	carps
③⑮⑾⑬	carry
③⒈②⒌	carter
③⒈②⑥	carts
③⒈⑷⑵	carved
③⒈⑷⒌	carver
③⒈⑷⑹	carves
③⒁⑥②	cased
③⑮⑦⒍	cashier
③⑳⑥③	cask
③⑳⑥②	cast
③⑯②⒈	catarrh
③⑮⑧⒌	catcher
③⑮⑧⑬	catchy
③⒁②⒌	cater
③⑮②⑥	cats
③⑮②⑬	catty
③⒇⑹⑵	caused
③⒁⑷⑵	caved
③⒁⑷⑹	caves
③⒇⑬⑩	cawing
③⒁⑭⑿	cayenne
⑥⒀⑥⒀	cc
⑥⒀⑵⒀	cd
⑥⒀⑥②	ceased
⑥⒀⑵⒌	cedar
⑥⒀⑵⑹	seeds
⑥⒀⑪⒎	celia
⑥⑭⑪⒌	seller
⑧⑭⑪⒄	cello
⑥⑭⑪⑹	cells
③⑭⑪②	celt
⑥⑭⑿②	sent
⑥⒍⒎⑪	serial
⑥⒌⒀⑹	cerise
⑥⒋②⑥	certs
⑥⒀⑭④	cf
⑧⒁④②	chafed
⑧⒁④⑥	chafes
⑧⑮④②	chaffed
⑧⑮④⑥	chaffs
⑧⑮④⑬	chaffy
⑧⒁⑿⑵	chained
⑧⒁⑿⑹	chains
⑧⒊⑬⑩	chairing
⑦⑮⑪⒁	chalet
⑧⒇③②	chalked
⑧⒇③⑥	chalks
⑧⒇③⑬	chalky
⑧⑮⑫①	champ
⑧⑳⑿⑥	chance
⑧⒁⑿⑻	change
⑧⑳⑿②	chant
③⒁⑰⑥	chaos
⑧⑮①②	chapped
⑧⑮①⑬	chappie
⑧⑮①⑥	chaps
⑦⒌⑳⑵	charade
⑧⒈⑵⑹	chards
⑧⒈⑻⑵	charged
⑧⒈⑻⒌	charger
⑧⒈⑫⑵	charmed
⑧⒈⑫⒌	charmer
⑧⒈⑫⑹	charms
⑧⒈⑬⑩	charring
⑧⒈②⒌	charter
⑧⒈②⑥	charts
⑧⒁⑥②	chased
⑧⒁⑥⒌	chaser
⑦⑮⑥⑬	chassis
⑦⑮②⒄	chateau
⑧⑮②⑥	chats
⑧⑮②⒌	chatter
⑧⑮②⑬	chatty
⑦⒄④⒌	chauffeur
⑧⒇⑬⑩	chawing
⑧⒀①⒌	cheaper
⑧⒀②⑥	cheats
⑧⑭③②	checked
⑧⑭③⒌	checker
⑧⑭③⑥	cheques
⑧⑭⑵⒌	cheddar
⑧⒀③②	cheeked
⑧⒀③⑥	cheeks
⑧⒀③⑬	cheeky
⑧⒀①②	cheeped
⑧⒀①⑥	cheeps
⑧⒍⑬⑩	cheering
⑧⒍⑬⒄	cheerio
⑧⒀②⑯	cheetah
⑦⑭④⑥	chefs
⑦⒌⒅②	cheroot
⑧⑭⑾⑬	cherry
⑧⑭⑥②	chest
⑧⒅⑬⑩	chewing
⑦⒀⑦⒀	chichi
⑧⑬③⑥	chicks
⑧⒂⑵⑹	chides
⑧⒀④⑥	chiefs
⑧⒂⑪⑵	child
⑧⑬⑪⑵	chilled
⑧⑬⑪⑬	chilly
⑧⑬⑪⑹	chills
⑧⒂⑫⑵	chimed
⑧⒂⑫⑹	chimes
⑧⑬⑫①	chimp
⑧⒂⑿⑯	china
⑧⒂⑿⑹	chines
⑧⑬⑩③	chink
⑧⑬⑿⑹	chins
⑧⑬①②	chipped
⑧⑬①⑥	chips
⑧⒋①②	chirped
⑧⒋①⑥	chirps
⑧⒋①⑬	chirpy
⑧⑬②⑥	chits
⑧⒂⑷⑹	chives
⑧⑬⑷⑬	chivvy
⑧⑰③②	chocked
⑧⑰③⑥	chocs
③⑼⒂⒌	choir
⑧⒄③②	choked
⑧⒄③⒌	choker
⑧⒄③⑥	chokes
⑧⒄③⑬	chokey
③⑰⑪⒌	collar
⑧⒅⑹⑬	choosy
⑧⑰①②	chopped
⑧⑰①⒌	chopper
⑧⑰①⑬	choppy
⑧⑰①⑥	chops
③⒉⑯⑪	choral
③⒌⑳⑪	corral
③⒉⑵⑹	chords
③⒉⑯⑥	chorus
⑧⑲⑵⒌	chowder
③⑾⒄⑫	chrome
⑧⒃⑴⑬	chubby
⑧⒃③②	chucked
⑧⒃③⑥	chucks
⑧⒃⑶⑵	chugged
⑧⒃⑶⑹	chugs
⑧⒃③⒌	chukker
⑧⒃⑫⑵	chummed
⑧⒃⑫⑬	chummy
⑧⒃⑫①	chump
⑧⒃⑫⑹	chums
⑧⒃⑩③	chunk
⑧⒋⑪⑹	churls
⑧⒋⑿⑵	churned
⑧⒋⑿⑹	churns
⑧⑱⒌⒄	churro
⑦⒅②⑥	shoots
⑥⒂⑵⒌	cider
⑥⑬⑶⒈	cigar
⑥⑬⑿⑧	cinch
⑥⒂④⒌	cipher
⑥⒋③⑯	circa
⑥⑬⑥⑬	cissy
⑥⒂②⑥	sites
⑥⑬②⑬	city
③⑪⑮③	clack
③⑪⑮⑵	clad
③⑪⒁⑵	clade
③⑪⒁⑫	claim
③⑪⑮⑫	clam
③⑪⑮⑿	clan
③⑪⑮⑩	clang
③⑪⑮①	clap
③⑪⑮⑦	clash
③⑪⑳⑥	class
③⑪⒇⑹	clause
③⑪⒁⑷	clave
③⑪⒇⑵	clawed
③⑪⒁⑬	clayey
③⑪⒁⑹	clays
③⑪⒀⑿	clean
③⑪⒍⑵	cleared
③⑪⒍⒌	clearer
③⑪⒍⑹	clears
③⑪⒀②	cleat
③⑪⒀⑷	cleave
③⑪⑭④	clef
③⑪⒈③	clerk
③⑪⒅⑵	clewed
③⑪⒅⑹	clues
③⑪⑬③	click
③⑪⑬④	cliff
③⑪⒂⑫	climb
③⑪⑬⑩	cling
③⑪⑬①	clip
③⑪⒀③	clique
③⑪⒄③	cloak
③⑪⑰⑦	cloche
③⑪⑰③	clock
③⑪⑰⑵	clod
③⑪⑰⑶	clog
③⑪⒄⑿	clone
③⑪⒄⑥	close
③⑪⒄⑹	close
③⑪⑰②	clot
③⑪⑰⑤	cloth
③⑪⒄⑸	clothe
③⑪⑲⑵	cloud
③⑪⑲②	clout
③⑪⒄⑷	clove
③⑪⑲⑿	clown
③⑪⒆⑵	cloyed
③⑪⒆⑹	cloys
③⑪⒃⑴	club
③⑪⒃③	cluck
③⑪⒃⑩	clung
③⑪⒃⑧	clutch
⑥⒀⑭⑫	cm
③⒄⑧②	coached
③⒄⑪⑵	cold
③⒄⑪⑹	coals
③⒉⑥⒌	coarser
③⒄⑥②	coast
③⒄②⒀	coatee
③⒄②⑥	coats
③⒄③⑥	coax
③⑰⑴⒌	cobber
③⑰⑴⑹	cobs
③⑰③②	cocked
③⑰③⒌	cocker
③⑰③⑥	cocks
③⑰③⑬	cocky
③⒄③⒄	cocoa
③⒄⑵⑯	coda
③⒄⑵⑹	codes
③⑰⑻⒌	codger
③⑰⑵⑹	cods
③⒄⒋⑥	coerce
③⑰④⑬	coffee
③⑰④⒌	coffer
③⑰⑶⑹	cogs
③⒄⑽⒍	cohere
③⒆④⑥	coifs
③⒆⑿⑹	coins
③⒆⑪⑵	coiled
③⒆⑪⑹	coils
③⒆⑿⑵	coined
③⒆⑿⒌	coiner
③⒄③②	coked
③⒄⑪⑯	cola
③⑰⑪⑬	collie
③⑰⑪⒍	collier
③⒃⑪⒌	colour
③⑰⑪⑹	cols
③⒄⑪②	colt
③⒄⑫⑯	coma
③⒄⑫⑵	combed
③⒄⑫⑹	combs
③⒃⑫⒌	comer
③⒃⑫⑹	comes
③⑰⑫⑯	comma
③⑰⑿⑧	conch
③⒄⑿⑵	coned
③⒄⑿⑹	cones
③⒄⑿⑬	coney
③⑰⑩③	conk
③⑰⑿⑵	conned
③⑰⑿⑥	cons
③⑰⑿⑹	cons
③⑰⑿②	cont
③⒅⑬⑩	cooing
③⑱③②	cooked
③⑱③⒌	cooker
③⑱③⑬	cookie
③⑱③⑥	cooks
③⒅⑪⑵	cooled
③⒅⑪⒌	cooler
③⒅⑪⑬	coolie
③⒅⑪⑹	cools
③⒅⑿⑹	coons
③⒅①②	cooped
③⒅①⒌	cooper
③⒅①⑥	coops
③⒅②⑥	coots
③⒄①②	coped
③⒄①⑥	copes
③⑰①⒍	copier
③⑰①②	copt
③⑰①⒌	copper
③⑰①⑥	cops
③⑰①⑬	copy
③⒉⑶⑬	corgi
③⒉⑬⑩	coring
③⒉③②	corked
③⒉③⒌	corker
③⒉③⑥	corks
③⒉⑫⑹	corms
③⒉⑿⒎	cornea
③⒉⑿⑵	corned
③⒉⑿⒌	corner
③⒉⑿⑹	corns
③⒉⑿⑬	corny
③⒉①⑥	corpse
③⑰⑾⑬	corrie
③⒌⒄⑵	corrode
③⒉⑥⒊	corsair
③⒉⑷⒁	corvee
③⑰⑦②	coshed
③⒄⑦⒌	kosher
③⑰⑥②	cost
③⒄⑹⑬	cosy
③⑰②⑥	cots
③⑰②⒌	cottar
③⑲⑧②	couched
③⒅⑶⒌	cougar
③⑰④②	coughed
③⑰④⑥	coughs
③⑲⑿②	count
③⒅①⒁	coupe
③⑱⑾⒍	courier
③⒉⑥②	coursed
③⒉②⒍	courtier
③⒉②⑥	courts
③⒃⑷⒌	cover
③⒄⑷⑹	coves
③⒃⑷⑬	covey
③⑲⒌⑵	coward
③⑲⑴⒆	cowboy
③⑲⒌⑹	cowers
③⑲⑬⑩	cowing
③⑲⑪⑵	cowled
③⑲⑪⑹	cowls
③⑲⑾⑬	cowrie
③⒆⑪⑬	coyly
③⒆①⒅	coypu
⑥⒀①⒀	cp
③⑾⑮⑴	crab
③⑾⑮③	crack
③⑾⑮⑶	crag
③⑾⒁③	crake
③⑾⑮⑫	cram
③⑾⒁⑿	crane
③⑾⑮①	crap
③⑾⒁①	crepe
③⑾⑮⑦	crash
③⑾⑮⑥	crass
③⑾⒁②	crate
③⑾⒁⑷	crave
③⑾⒇⑪	crawl
③⑾⒁⑹	craze
③⑾⒀③	creek
③⑾⒀⑫	cream
③⑾⒀⑥	crease
③⑾⒁⑦	creche
③⑾⒀⑵	creed
③⑾⒀⑪	creel
③⑾⒀①	creep
③⑾⑭⑥	cress
③⑾⒅⑵	crude
③⑾⒅⑹	crews
③⑾⑬⑴	crib
③⑾⑬③	crick
③⑾⒂⑵	cried
③⑾⒂⒌	crier
③⑾⒂⑹	cries
③⑾⒂⑫	crime
③⑾⒄③	croak
③⑾⑰③	crock
③⑾⒄⑿	crone
③⑾⑱③	crook
③⑾⒅⑿	croon
③⑾⑰①	crop
③⑾⒉⑹	crores
③⑾⑰⑥	cross
③⑾⑰⑧	crotch
③⑾⑲⑧	crouch
③⑾⒅①	croup
③⑾⑲⑵	crowd
③⑾⒄⑵	crowed
③⑾⑲⑿	crown
③⑾⒄⑹	crows
③⑾⑼⑳	croy
③⑾⒃⑫	crumb
③⑾⒃⑦	crush
③⑾⒃⑧	crutch
③⒃⑴⑬	cubby
③⒏⑴⑵	cubed
③⒏⑴⑹	cubes
③⒃⑴⑹	cubs
③⑱③⒅	cuckoo
③⒏⑬⑩	queueing
③⒃④②	cuffed
③⒃④⑥	cuffs
③⒃⑪⑵	culled
③⒃⑪⑹	culls
③⒃⑪②	cult
③⒃⑿②	cunt
③⒃①⑯	cuppa
③⒃①②	cupped
③⒃①⑥	cups
③⒋⑴⑵	curbed
③⒋⑴⑹	curbs
③⒋⑵⑹	curds
③⑨⑱⒌	cure
③⒋④⒏	curfew
③⒋⑪⑵	curled
③⒋⑪⒌	curler
③⒋⑪⒏	curlew
③⒋⑪⑹	curls
③⒋⑪⑬	curly
③⒋⑬⑦	currish
③⒃⑾⑬	curry
③⒋⑥②	cursed
③⒋⑥⒌	cursor
③⒋⑷⑵	curved
③⒋⑷⑹	curves
③⑱⑦⑬	cushy
③⒃⑥①	cusp
③⒏②⒌	cuter
③⒃②⑥	cuts
③⒃②⒌	cutter
⑥⑬⑥②	cyst
②⑥⒈⑹	tsars
⑵⑮⑴⑵	dabbed
⑵⑮⑴⑹	dabs
⑵⑮⑧⑯	dacha
⑵⑮⑵⑬	daddy
⑵⒁⑵⒄	dado
⑵⑮⑵⑹	dads
⑵⑳④②	daft
⑵⑮⑶⒌	dagger
⑵⒁⑶⒄	dago
⑵⒁⑪⒎	dahlia
⑵⒁⑪⑬	daily
⑵⒊⑬⑹	dairies
⑵⒁⑬⑥	dais
⑵⒁⑹⑬	daisy
⑵⒁⑪⑹	dales
⑵⑮⑪⑬	dally
⑵⒁⑫⑹	dames
⑵⑮⑫⑵	damned
⑵⑮⑫⑹	dams
⑵⑮⑫①	damp
⑵⑳⑿⑥	dance
⑵⒁⑿⑹	danes
⑵⑮⑩③	dank
⑵⑮①⒌	dapper
⑵⒊⑿②	daren't
⑵⒊⑥⒁	daresay
⑵⒊⑬⑩	daring
⑵⒈③⒌	darker
⑵⒈③⑬	darky
⑵⒈⑿⑵	darned
⑵⒈⑿⑹	darns
⑵⒈②⑥	darts
⑵⑮⑦②	dashed
⑵⒁②⑯	data
⑵⒁②⑥	dates
⑵⒇⑴⑵	daubed
⑵⒇⑴⒌	dauber
⑵⒇⑴⑹	daubs
⑵⒇②⒌	daughter
⑵⒇⑿②	daunt
⑵⒇⑿⑵	dawned
⑵⒇⑿⑹	dawns
⑵⒁⑴⒆	dayboy
⑵⒁⑹⑵	dazed
⑵⑭⑵⒌	deader
⑵⑭④⒌	deafer
⑵⒀⑪⒌	dealer
⑵⒀⑪⑹	deals
⑵⑭⑪②	dealt
⑵⒀⑿⑹	deans
⑵⒍⑬⑹	dearies
⑵⒍⑪⑬	dearly
⑵⒋⑤⑥	dearths
⑵⑭⑤⑥	deaths
⑵⒀⑴⒈	debar
⑵⑭⑴⑹	debs
⑵⑭②⒌	debtor
⑵⑭②⑥	debts
⑵⒁⑴⒏	debut
⑵⑬③⒁	decay
⑵⑭③②	decked
⑵⑭③⒌	decker
⑵⑭③⑥	decks
⑵⒁③⒉	decor
⑵⑬③⒆	decoy
⑵⒀③⒆	decoy
⑵⒀⑵⑹	deeds
⑵⒀⑫⑵	deemed
⑵⒀⑫⑹	deems
⑵⒀①⒌	deeper
⑵⒀①⑥	deeps
⑵⑬④⒋	defer
⑵⑭④②	deft
⑵⑬④⒂	defy
⑵⒁⑿⑵	deigned
⑵⑭③⒄	dekko
⑵⑬⑪⒁	delay
⑵⑭⑪④	delf
⑵⑭⑪⑹	dells
⑵⑭⑪⑷	delve
⑵⑭⑫⒄	demo
⑵⑬⑫⒋	demur
⑵⑭⑿⒍	denier
⑵⑭⑿⑹	dens
⑵⑭⑿⑥	dense
⑵⑭⑿②	dent
⑵⑬⑿⒂	deny
⑵⒎⑵⒈	deodar
⑵⑭①⒄	depot
⑵⑭①⑤	depth
⑵⒈⑴⑬	derby
⑵⒋⑴⑬	derby
⑵⑭⑥③	desk
⑵⑬②⒋	deter
⑵⒏⑥②	deuced
⑵⒏⑬⒌	dewier
⑵⒄②⑬	dhoti
⑵⒂⑯⑪	dial
⑵⒂⒌⒎	diarrhoea
⑵⒂⒌⑬	diary
⑵⑬⑴⒌	dibber
⑵⒂⑥②	diced
⑵⒂⑥⑬	dicey
⑵⑬③②	dicked
⑵⑬③⒌	dicker
⑵⑬③⑬	dicky
⑵⒂⑯②	diet
⑵⑬④⒌	differ
⑵⑬⑶⒌	digger
⑵⑬⑶⑹	digs
⑵⒂③②	diked
⑵⒂③⑥	dykes
⑵⒂⑫⑹	dimes
⑵⑬⑫⑵	dimmed
⑵⑬⑫⒌	dimmer
⑵⑬⑫⑹	dims
⑵⒀⑿⒈	dinar
⑵⒂⑿⑵	dined
⑵⒂⑿⒌	diner
⑵⒂⑿⑹	dines
⑵⑬⑿⑵	dinned
⑵⑬⑿⒌	dinner
⑵⑬⑿⑹	dins
⑵⑬⑿②	dint
⑵⒂⒄⑵	diode
⑵⑬①②	dipped
⑵⑬①⒌	dipper
⑵⑬①⑥	dips
⑵⒂⒌⒌	direr
⑵⒋③⑥	dirks
⑵⒋②⑬	dirty
⑵⑬⑥③	disk
⑵⑬⑦②	dished
⑵⑬⑦⑬	dishy
⑵⑬⑧②	ditched
⑵⑬⑸⒌	dither
⑵⑬②⒄	ditto
⑵⑬②⑬	ditty
⑵⒂⑷⑵	dived
⑵⒂⑷⒌	diver
⑵⒂⑷⑹	dives
⑵⑬⑷⑬	divvy
⑵⑬⑹⑬	dizzy
⑵⒀⑻⒁	dj
⑻⑬⑿⑹	gins
⑵⑰③②	docked
⑵⑰③⒌	docker
⑵⑰③⑥	docks
⑵⑰⑵⒌	dodder
⑵⑰⑻⑵	dodged
⑵⑰⑻⒌	dodger
⑵⑰⑻⑬	dodgy
⑵⒄⑵⒄	dodo
⑵⒀⒄⒀	doe
⑵⒅⒌⑹	doers
⑵⑰④②	doffed
⑵⑰④⑥	doffs
⑵⑰⑶⑵	dogged
⑵⑰⑶⑬	doggy
⑵⑰⑶⒄	doggo
⑵⑰⑶⑹	dogs
⑵⒆⑪⑬	doily
⑵⒅⑬⑩	doing
⑵⒄⑪⑵	doled
⑵⒄⑪⑹	doles
⑵⑰⑪⒌	dollar
⑵⑰⑪⑵	dolled
⑵⑰⑪⑹	dolls
⑵⑰⑪⑬	dolly
⑵⒄⑪②	dolt
⑵⒄⑫⑵	domed
⑵⒄⑫⑹	domes
⑵⒄⑿②	don't
⑵⑰⑿⒌	doner
⑵⑰⑿⑵	donned
⑵⒄⑿⒌	donor
⑵⑰⑿⑹	dons
⑵⒅⑫⑵	doomed
⑵⒅⑫⑹	dooms
⑵⒉⑼⒁	doorway
⑵⒄①②	doped
⑵⒄①⑥	dopes
⑵⒄①⑬	dopey
⑵⒉⑬⑹	dories
⑵⒉⑫⒌	dormer
⑵⒄⑥②	dosed
⑵⑰⑥②	dossed
⑵⑰⑥⒌	dosser
⑵⒃⑥②	dust
⑵⒄②⑥	dotes
⑵⑰②⑥	dots
⑵⑰②⑬	dotty
⑵⑲②⑥	doubts
⑵⒄⑬⒌	doughier
⑵⑲②⑬	doughty
⑵⑲⑥②	doused
⑵⒃⑷⑹	doves
⑵⑲⑵⑬	dowdy
⑵⑲⑯⑪	dowel
⑵⑲⒌⑵	dowered
⑵⑲⒌⑹	dowers
⑵⑲⑿⑵	downed
⑵⑲⑿⑹	downs
⑵⑲⑿⑬	downy
⑵⑲⒌⑬	dowry
⑵⑲⑹⑵	dowsed
⑵⑲⑹⒌	dowser
⑵⒆⑯⑿	doyen
⑵⒄⑹⑵	dozed
⑵⑾⑮⑴	drab
⑵⑾⑮⑫	dram
⑵⑾⑮⑶	drag
⑵⑾⒁⑿	drain
⑵⑾⒁③	drake
⑵⑾⒁①	drape
⑵⑾⑮②	drat
⑵⑾⒉⑹	drawers
⑵⑾⒇⑪	drawl
⑵⑾⒇⑿	drawn
⑵⑾⒇⑹	draws
⑵⑾⒁⑹	drays
⑵⑾⑭⑵	dread
⑵⑾⒀⑫	dream
⑵⑾⒍⑬	dreary
⑵⑾⑭⑻	dredge
⑵⑾⑭⑥	dress
⑵⑾⒂⑵	dried
⑵⑾⒂⒌	dryer
⑵⑾⒂⑹	dries
⑵⑾⑬⑪	drill
⑵⑾⑬①	drip
⑵⑾⒂⑷	drive
⑵⑾⒄⑶	drogue
⑵⑾⒄⑪	droll
⑵⑾⒄⑿	drone
⑵⑾⒅⑪	drool
⑵⑾⒅①	droop
⑵⑾⑰①	drop
⑵⑾⑰⑥	dross
⑵⑾⑲②	drought
⑵⑾⒄⑷	drove
⑵⑾⑲⑿	drown
⑵⑾⑲⑹	drowse
⑵⑾⒃⑴	drub
⑵⑾⒃⑻	drudge
⑵⑾⒃⑶	drug
⑵⑾⒃⑫	drum
⑵⒏⑯⑪	dual
⑵⒃⑴⑵	dubbed
⑵⒃⑴⑹	dubs
⑵⒅⑧⒁	duce
⑵⒃⑧⑬	duchy
⑵⒃③②	ducked
⑵⒃③⑥	ducks
⑵⒃③⑬	ducky
⑵⒅⑵⑹	dudes
⑵⒃⑵⑹	duds
⑵⒏⑭②	duet
⑵⒃④⒌	duffer
⑵⒃⑶⑹	dugs
⑵⒏③⑥	dukes
⑵⒃⑪⑵	dulled
⑵⒃⑪⒌	duller
⑵⒃⑪⑹	dulls
⑵⒏⑪⑬	duly
⑵⒃⑫⒌	dumber
⑵⒃⑫⑬	dummy
⑵⒃⑫①	dump
⑵⒃⑿⑥	dunce
⑵⒏⑿⑹	dunes
⑵⒃⑩③	dunk
⑵⒃⑿⑵	dunned
⑵⒃⑿⑹	duns
⑵⒏①②	duped
⑵⒏①⑥	dupes
⑵⒋⑴⒈	durbar
⑵⒋⑥②	durst
⑵⒃⑥③	dusk
⑵⒏②⑬	duty
⑵⒅⑷⒁	duvet
⑵⑼⒉④	dwarf
⑵⑼⒀⑴	dweeb
⑵⑼⑭⑪	dwell
⑵⒂⑮⑵	dyad
⑵⒂⒌⑹	dyers
⑵⒂⑬⑩	dying
⒀⑫⒁⑪	e-mail
⒀⑶⑯⑪	eagle
⒍⒁③⑥	earaches
⒍④⑱⑪	earful
⒋⑪⑬⒌	earlier
⒍⑫⒈③	earmark
⒋⑿⒌⑹	earners
⒋⑿⑬⑩	earning
⒍④⒄⑿	earphone
⒍①⒀⑥	earpiece
⒍⑾⑬⑩	earring
⒍⑦⑰②	earshot
⒋⑤⑯⑿	earthen
⒋⑤⑬⒌	earthier
⒋⑤⑬⑩	earthing
⒋⑤⑪⑬	earthly
⒍⑼⑬⑶	earwig
⒀⑹⑯⑪	easel
⒀⑹⑯⑹	eases
⒀⑹⑬⒌	easier
⒀⑹⑬⑩	easing
⒀⑥②⒌	easter
⒀②⑯⑿	eaten
⒀②⒌⑹	eaters
⒀②⑬⑩	eating
⑭⑴⑬⑩	ebbing
⒀⑴⑱③	ebook
⑭③⒄⑵	echoed
⑭③⒄⑹	echoes
⑬③⑪⒊	eclair
⒁③⑪⑳	eclat
⑭⑵⑬⑵	eddied
⑭⑵⑬⑹	eddies
⑭⑻⑯⑹	edges
⑭⑻⑬⒌	edgier
⑭⑻⑬⑩	edging
⑭⑵⑬②	edit
⑬⑵⒏⑥	educe
⒀⒀⑻⒀	eeg
⒍⑬⑪⑬	eerily
⑬④⒁⑥	efface
⑬④⒀②	effete
⑭④⑬⑩	effing
⑭④⒌②	effort
⑭④②⑥	efts
⑭⑶⑬⑩	egging
⒀⑶⒄⑹	egos
⒁②⒀⑿	eighteen
⒁②⑤⑥	eighths
⒁②⑬⑹	eighties
⒁②⒎⑤	eightieth
⒀③⑬⑩	eking
⒁⑪⑳⑿	elan
⑬⑪⒁②	elate
⑭⑪⑴⒄	elbow
⑭⑪⑵⒌	elder
⑬⑪⒂⑵	elide
⑬⑪⒀②	elite
⑭⑪③⑥	elks
⑭⑪⑫⑹	elms
⑬⑪⒄①	elope
⑬⑪⒅⑵	elude
⑭⑪⑷⒌	elver
⑭⑪⑷⑹	elves
⑭⑫⑴⒌	ember
⑭⑫⒍⑹	emirs
⑬⑫⒋⑻	emerge
⑭⑫⒌⑬	emery
⑬⑫⑬②	emit
⒀⑫⒏⑹	emus
⑰⑩③⒉	encore
⑬⑿⑵⒍	endear
⑬⑿⑵⑲	endow
⑭⑿⑵⑹	ends
⑬⑿⑵⒏	endue
⑬⑿⑻⒆	enjoy
⑰⑿⑼⒀	ennui
⑬⑿⒃④	enough
⑬⑿⑥⒏	ensue
⑭⑿②⒌	enter
⑭⑿⑷⒆	envoy
⑭⑿⑷⑬	envy
⒁①⒁⑹	epees
⑭①⑬③	epic
⒀①⑰③	epoch
⑬⑾⒁⑹	erase
⒋⑫⑬⑿	ermine
⑬⑾⒄⑵	erode
⑭⑾⒌⑹	errors
⑬⑥⑧⒅	eschew
⑬⑥①⒂	espy
⑭⑥⒁⑵	essayed
⑭⑥⒁⑹	essays
⒀②⒀⒁	eta
⑭⑧⒌⑹	etchers
⑭⑧⑯⑹	etches
⑭⑧⑬⑩	etching
⑭⑤⑬③	ethic
⒀⑤⑰⑥	ethos
⑭⑤⑬⑪	ethyl
⒏⑿⑯③	eunuch
⒏④⒉⒎	euphoria
⑬⑷⒁⑵	evade
⒀⑷⑯⑿	even
⑭⑷⑾⑬	every
⒀⑷⑯⑪	evil
⑬⑷⒄③	evoke
⒂⑴⒇⑪	eyeball
⒂⑴⑳⑤	eyebath
⒂⑴⑾⑲	eyebrow
⒂③⒃①	eyecup
⒂④⑱⑪	eyeful
⒂⑪⑮⑦	eyelash
⒂⑪⑯⑥	eyeless
⒂⑪⑯②	islet
⒂⑪⑬⑵	eyelid
⒂⑪⒂⑿	eyeline
⒂①⒀⑥	eyepiece
⒂⑦⑰②	eyeshot
⒂⑥⒂②	eyesight
⒂⑥⒉⑹	eyesores
⒂②⒀⑤	eyeteeth
⒂②⒅⑤	eyetooth
⒂⑼⑰⑦	eyewash
④⒁⑥②	faced
④⒁⑥⒌	facer
④⒁⑦⑯	fascia
④⑮③②	fact
④⑮⑵⑬	faddy
④⒁⑵⑹	fades
④⑮⑵⑹	fads
④⒊⑬⑹	fairies
④⑮⑶⑵	fagged
④⑮⑶⑹	fags
④⒁⑪⑵	failed
④⒁⑪⑹	fails
④⒁⑿②	faint
④⒊⑬⑦	fairish
④⒊⑪⑬	fairly
④⒊⑼⒁	fairway
④⒁⑤⑥	faiths
④⒁③②	faked
④⒁③⒌	faker
④⒁③⑥	fakes
④⑳③⒍	fakir
④⑮⑪⒄	fallow
④⒇⑪⑹	falls
④⒇⑪⑥	false
④⒁⑫⑵	famed
④⑮⑩⑹	fangs
④⑮⑿⑵	fanned
④⑮⑿⑬	fanny
④⑮⑿⑹	fans
④⒊⑬⑩	faring
④⒈⑫⑵	farmed
④⒈⑫⒌	farmer
④⒈⑫⑹	farms
④⑮⑾⒍	farrier
④⑮⑾⒄	farrow
④⒈⑥⑬	farsi
④⒈⑸⒌	farther
④⒈②⑥	farts
④⑳⑥②	fast
④⒁②⑥	fates
④⑳⑸⒌	father
④⑮②⑥	fats
④⑮②⒌	fatter
④⑮②⑬	fatty
④⒇⑪②	fault
④⒇⑿⑯	fauna
④⒇⑿⑹	fawns
④⒁⑷⒌	favour
④⒇⑿⑵	fawned
④⑮③⑥	fax
④⒍⑬⑩	fearing
④⒀⑥②	feast
④⑭⑸⒌	feather
④⒀②⑥	feats
④⒀⑧⒌	feature
④⑭⑵⑹	feds
④⒀⑵⒌	feeder
④⒀⑵⑹	feeds
④⒀⑬⑩	feeing
④⒀⑪⒌	feeler
④⒀⑪⑹	feels
④⒁⑿⑵	feigned
④⒁⑿⑹	feigns
④⑭⑪⑯	fellah
④⑭⑪⑵	felled
④⑭⑪⒄	fellow
④⑭⑪⑹	fells
④⑭⑪②	felt
④⒀⑫⒌	femur
④⑭⑿⑥	fence
④⑭⑿⑵	fend
④⑭⑿⑹	fens
④⒀④⑥	fiefs
④⒋⑿⑹	ferns
④⒋⑿⑬	ferny
④⑭⑾⑬	ferry
④⒋⑷⒌	fervour
④⑭⑧②	fetched
④⒀②⒌	fetor
④⑭②⒌	fetter
④⒏⑵⑹	feuds
④⒀⑷⒌	fever
④⒂⑮②	fiat
④⑬⑴⑵	fibbed
④⑬⑴⒌	fibber
④⒂⑴⒌	fibre
④⑬⑴⑹	fibs
④⒀⑪⑵	field
④⒀⑿⑵	fiend
④⒍⑥⒌	fiercer
④⒂⒌⑬	fiery
④⒂④⑥	fifes
④⒀④⒀	fifi
④⑬④⑤	fifth
④⑬⑶⑬	figgy
④⒂②⒌	fighter
④⒂②⑥	fights
④⑬⑶⑹	figs
④⑬⑶⒌	figure
④⑬⑪⑧	filch
④⒂⑪⑵	filed
④⒂⑪⑹	files
④⑬⑪⑵	filled
④⑬⑪⒌	filler
④⑬⑪⑹	fills
④⑬⑪⑬	filly
④⑬⑪⑫	film
④⑬⑪⑤	filth
④⑬⑿⑧	finch
④⒂⑿⑵	find
④⒂⑿⒌	finer
④⒂⑿⑹	fines
④⑬⑿⑹	fins
④⑨⒉⑵	fjord
④⒂⒌⑵	fired
④⒂⒌⑹	fires
④⒋⑫⑵	firmed
④⒋⑫⒌	firmer
④⒋⑫⑹	firms
④⒋⑥②	first
④⒋⑤⑥	firths
④⑬⑦②	fished
④⑬⑦⒌	fissure
④⑬⑦⒂	fisheye
④⑬⑦⑬	fishy
④⑬⑥②	fist
④⑬②⑥	fits
④⑬②⒌	fitter
④⒂⑷⒌	fiver
④⒂⑷⑹	fives
④⑬③⑥	fix
④⑬⑹⑵	fizzed
④⑬⑹⑬	fizzy
④⑪⑮⑶	flag
④⑪⒁⑪	flail
④⑪⒊⑹	flares
④⑪⑮③	flak
④⑪⒁③	flake
④⑪⒁⑫	flame
④⑪⑮⑿	flan
④⑪⑮①	flap
④⑪⒊⑵	flared
④⑪⑮⑦	flash
④⑪⑮②	flat
④⑪⒇⑵	flawed
④⑪⒇⑹	flaws
④⑪⒁⑵	flayed
④⑪⒁⑹	flays
④⑪⒀⑹	fleas
④⑪⑭③	fleck
④⑪⑭⑵	fled
④⑪⒀⑥	fleece
④⑪⒀③	fleek
④⑪⒀②	fleet
④⑪⑭⑦	flesh
④⑪⑬③	flick
④⑪⒂⒌	flyer
④⑪⒂⑹	flies
④⑪⒂②	flight
④⑪⑬⑩	fling
④⑪⑬①	flip
④⑪⒋②	flirt
④⑪⑬②	flit
④⑪⒄②	float
④⑪⑰③	flock
④⑪⒄⑹	flows
④⑪⑰⑶	flog
④⑪⒃⑵	flood
④⑪⒉⑵	floored
④⑪⒉⑹	floors
④⑪⑰①	flop
④⑪⒉⑯	flora
④⑪⑰⑥	floss
④⑪⑲⒌	flower
④⑪⑲②	flout
④⑪⒄⑵	flowed
④⑪⒄⑿	flown
④⑪⒅⑹	flues
④⑪⒃④	fluff
④⑪⒅③	fluke
④⑪⒅⑫	flume
④⑪⒃⑩	flung
④⑪⒃⑦	flush
④⑪⒅②	flute
⑭④⑭⑫	fm
④⒄⑪⑵	fold
④⒄⑪⑹	foals
④⒄⑫⑵	foamed
④⒄⑫⑹	foams
④⒄⑫⑬	foamy
④⑰⑴⑵	fobbed
④⑰⑴⑹	fobs
④⒄③⒀	foci
④⑰⑵⒌	fodder
④⒄⑶⑬	fogey
④⑰⑶⑵	fogged
④⑰⑶⑬	foggy
④⑰⑶⑹	fogs
④⒆⑪⑵	foiled
④⒆⑪⑹	foils
④⒆⑥②	foist
④⒄③⑥	folks
④⑰⑪⒄	follow
④⑰⑪⑬	folly
④⑰⑿⑵	fond
④⑰⑿②	font
④⒅⑵⑹	foods
④⒅⑪⑵	fooled
④⒅⑪⑹	fools
④⑱②⒌	footer
④⑱②⑥	foots
④⑰①⑥	fops
④⑰⑾⒁	foray
④⒉⑴⒊	forbear
④⒉⑴⒉	forbore
④⒉⑥②	forced
④⒉⑵⑹	fords
④⒉⒈⑫	forearm
④⒉⑶⒄	forgo
④⒉⑿⒏	foreknew
④⒉⑿⒄	foreknow
④⒉①⒇	forepaw
④⒉⑥⒇	foresaw
④⒉⑥⒀	foresee
④⒉⑦⒉	foreshore
④⒉⑻⑵	forged
④⒉⑻⒌	forger
④⒉③②	forked
④⒉③⑥	forks
④⒉⑫⑵	formed
④⒉⑫⒌	former
④⒉⑫⑹	forms
④⒉②⒁	forte
④⒉②⑥	forts
④⒉②⑬	forty
④⒉⑯⑫	forum
④⑲⑪⑵	fouled
④⑲⑪⒌	fouler
④⑲⑪⑹	fowls
④⑲⑿⑵	found
④⑲⑿②	fount
④⒉⑤⑥	fourths
④⑰③⑥	fox
④⒆⒁⑹	foyers
④⑾⒁⑪	frail
④⑾⒁⑫	frame
④⑾⒇⑵	fraud
④⑾⒇②	fraught
④⑾⒁⑵	frayed
④⑾⒁⑹	phrase
④⑾⒀③	freak
④⑾⒀⑵	freed
④⑾⒀⒌	freer
④⑾⒀⑹	freeze
④⑾⒁②	freight
④⑾⑭⑦	fresh
④⑾⑭②	fret
④⑾⒂⒌	friar
④⑾⑬⑻	fridge
④⑾⒂⑵	fried
④⑾⒂⑹	fries
④⑾⒂②	fright
④⑾⑬⑪	frill
④⑾⑬⑹	frizz
④⑾⑰③	frock
④⑾⑰⑶	frog
④⑾⑰⑫	from
④⑾⑰⑤	froth
④⑾⑲⑿	frown
④⑾⒄⑹	froze
④⑾⒅②	fruit
④⒏⑦⑯	fuchsia
④⒃③②	fucked
④⒃③⒌	fucker
④⒃③⑥	fucks
④⒏⑯⑪	fuel
④⒃⑶⑬	fuggy
④⒃⑶⑹	fugs
④⒏⑶⑹	fugues
④⑱⑪⒌	fuller
④⑱⑪⑬	fully
④⒏⑫⑵	fumed
④⒏⑫⑹	fumes
④⒃⑿⑵	fund
④⒃⑩③	funk
④⒃⑿⑬	funny
④⒋⑪⑵	furled
④⒋⑪⒄	furlough
④⒋⑪⑹	furls
④⒃⑾⒍	furrier
④⒋⑬⒌	furrier
④⒃⑾⒄	furrow
④⒋⑸⒌	further
④⒏⑹⑵	fused
④⒃⑥②	fussed
④⒃⑥⑬	fussy
④⒏⑧⒌	future
④⒃⑹⑬	fuzzy
⑶⑮⑵⑹	gads
⑶⒁⑪⑹	gales
⑶⑮④⒌	gaffer
⑶⑮④⑥	gaffes
⑶⑳⑶⑳	gaga
⑶⒁⑻⑵	gauged
⑶⑮⑶⑵	gagged
⑶⑮⑶⑹	gags
⑶⒁⑪⑬	gaily
⑶⒁⑿⑵	gained
⑶⒁⑿⑹	gains
⑶⒁②⒌	gaiter
⑶⒁②⑥	gates
⑶⑳⑪⑯	gala
⑶⒇⑪⑵	galled
⑶⑮⑪⑬	galley
⑶⒇⑪⑹	galls
⑶⑯⑪⒉	galore
⑶⑮⑪⑹	gals
⑶⒁⑫⑵	gamed
⑶⒁⑫⑹	games
⑶⑮⑫⑯	gamma
⑶⑮⑫⑬	gammy
⑶⑮⑫①	gamp
⑶⒁⑫⑬	gamy
⑶⑮⑩⑵	ganged
⑶⑮⑩⒌	ganger
⑶⑮⑩⑹	gangs
⑻⒁⑪⑵	jailed
⑻⒁⑪⒌	gaoler
⑻⒁⑪⑹	jails
⑶⒁①②	gaped
⑶⒁①⑥	gapes
⑶⑮①⑥	gaps
⑶⒈⑴⑵	garbed
⑶⒈⑴⑹	garbs
⑶⒊⑬⑦	garish
⑶⒈⑿⒌	garner
⑶⒌⑰②	garrotte
⑶⒈②⒌	garter
⑶⑮⑦②	gashed
⑶⑳⑥①	gasp
⑶⑮⑥②	gassed
⑶⑮⑥⑬	gassy
⑶⑮②⒄	gateau
⑶⑮⑸⒌	gather
⑶⑲⑧⒄	gaucho
⑶⒇⑵⑹	gauds
⑶⒇⑵⑬	gaudy
⑶⒇⑿②	gaunt
⑶⒇⑹⑬	gauzy
⑶⒇③⑥	gawks
⑶⒇③⑬	gawky
⑶⒇①②	gawped
⑶⒇①⑥	gawps
⑶⒁⑹⑵	gazed
⑶⒍⑬⑩	gearing
⑶⑭③⒄	gecko
⑶⒀⑹⒌	geezer
⑶⒂⑶⒌	geiger
⑶⒁⑦⑯	geisha
⑶⑭⑪⑵	geld
⑻⑭⑪⑵	gelled
⑻⑭⑪⑹	gels
⑻⑭⑫⑵	gemmed
⑻⑭⑫⑹	gems
⑻⒀⑿⑹	genes
⑻⒀⑿⑬	genie
⑻⑭⑿⑵	genned
⑻⑭⑿⑹	gens
⑻⑭⑿②	gent
⑻⒋⑫⑹	germs
⑶⑭②⑥	gets
⑻⒎⑫⑹	geums
⑶⒂⑹⒌	geyser
⑶⑮⑾⑬	gharry
⑶⑳②⑥	ghats
⑶⑭②⒄	ghetto
⑶⒄⑥②	ghost
⑶⒅⑪⑹	ghouls
⑻⑬⑴⒌	gibber
⑻⒂⑴⑵	jibed
⑻⒂⑴⑹	jibes
⑶⑬⑵⑬	giddy
⑶⑬④②	gift
⑶⑬⑶⑹	gigs
⑶⑬⑪⑵	guild
⑶⑬⑪⑬	gillie
⑶⑬⑪⑹	gills
⑻⑬⑪⑹	gills
⑶⑬⑪②	guilt
⑻⑬⑿⑵	ginned
⑶⒋⑵⒌	girder
⑶⒋⑵⑹	girds
⑶⒋⑪⑹	girls
⑻⒂⑾⒄	gyro
⑶⒋⑤⑥	girths
⑻⒀⒂⑹	gis
⑻⑬⑥②	gist
⑶⑬⑷⒌	giver
⑶⑬⑷⑹	gives
⑶⑪⑮⑵	glad
⑶⑪⒁⑵	glade
⑶⑪⒊⑵	glared
⑶⑪⒊⑹	glares
⑶⑪⑳⑥	glass
⑶⑪⒁⑹	glaze
⑶⑪⒀⑫	gleam
⑶⑪⒀⑿	glean
⑶⑪⒀⑴	glebe
⑶⑪⒀⑹	glees
⑶⑪⑭⑿	glen
⑶⑪⑬⑴	glib
⑶⑪⒂⑵	glide
⑶⑪⑬⑧	glitch
⑶⑪⒄②	gloat
⑶⑪⒄⑴	globe
⑶⑪⒅⑫	gloom
⑶⑪⒉⑬	glory
⑶⑪⑰⑥	gloss
⑶⑪⒃⑷	glove
⑶⑪⒄⑵	glowed
⑶⑪⑲⒌	glower
⑶⑪⒄⑹	glows
⑶⑪⒅⑵	glued
⑶⑪⒅⑹	glues
⑶⑪⒅⑬	gluey
⑶⑪⒃⑫	glum
⑶⑪⒃②	glut
⑿⒈⑪⑵	gnarled
⑿⑮⑦②	gnashed
⑿⑮②⑥	gnats
⑿⒇⑬⑩	gnawing
⑿⒄⑫⑹	gnomes
⑶⒄⑵⑹	goads
⑶⒄⑪⑬	goalie
⑶⒄⑪⑹	goals
⑶⒄②⒀	goatee
⑶⒄②⑥	goats
⑶⑰⑴⑹	gobs
⑶⑰⑵⑹	gods
⑶⒄⑬⑿	goin'
⑶⒄⑬⑩	going
⑶⒆②⒌	goitre
⑶⒄⑪⑵	gold
⑶⑰⑪④	golf
⑶⑰⑪⑬	golly
⑶⑰⑿⒌	goner
⑶⑰⑩⑵	gonged
⑶⑰⑩⑹	gongs
⑶⑰⑿⑯	gonna
⑶⑱⑵⑹	goods
⑶⑱⑵⑬	goody
⑶⒅④②	goofed
⑶⒅④⑥	goofs
⑶⒅④⑬	goofy
⑶⒅⑬⒌	gooier
⑶⒅⑿⑹	goons
⑶⒄④⒌	gopher
⑶⒉⑻⑵	gorged
⑶⒉⑬⒌	gorier
⑶⒉⑬⑩	goring
⑶⑰⑤⑥	goths
⑶⑰②⑯	gotta
⑶⑼⑳⑦	gouache
⑶⑲⑻⑵	gouged
⑶⑱⒌⑵	gourd
⑶⑲②⑥	gouts
⑶⑲②⑬	gouty
⑶⑲⑿⑵	gowned
⑶⑲⑿⑹	gowns
⑻⒀①⒀	gp
⑶⑾⑮⑴	grab
⑶⑾⒁⑥	grace
⑶⑾⒁⑵	grade
⑶⑾⒁⑪	grail
⑶⑾⒁⑿	grain
⑶⑾⑮⑫	gram
⑶⑾⒁①	grape
⑶⑾⑮④	graph
⑶⑾⑳⑥	grass
⑶⑾⒁②	great
⑶⑾⑳⑷	grave
⑶⑾⒁⑷	grave
⑶⑾⒁⒌	greyer
⑶⑾⒁⑹	graze
⑶⑾⒀⑥	grease
⑶⑾⒀⑴	grebe
⑶⑾⒀⑵	greed
⑶⑾⒀③	greek
⑶⑾⒀⑿	green
⑶⑾⒀②	greet
⑶⑾⑬⑵	grid
⑶⑾⒀④	grief
⑶⑾⒀⑷	grieve
⑶⑾⑬⑪	grill
⑶⑾⑬⑫	grim
⑶⑾⒂⑫	grime
⑶⑾⑬⑿	grin
⑶⑾⑬①	grip
⑶⑾⒀①	grippe
⑶⑾⑬②	grit
⑶⑾⒄⑿	grown
⑶⑾⒄②	groat
⑶⑾⑰⑶	grog
⑶⑾⒆⑿	groin
⑶⑾⒅⑫	groom
⑶⑾⒅⑷	groove
⑶⑾⒄①	grope
⑶⑾⒄⑥	gross
⑶⑾⑰②	grot
⑶⑾⑲⑧	grouch
⑶⑾⒅①	group
⑶⑾⑲⑥	grouse
⑶⑾⒄⑷	grove
⑶⑾⒄⒌	grower
⑶⑾⑲⑪	growl
⑶⑾⒄⑹	grows
⑶⑾⒄⑤	growth
⑶⑾⒃⑴	grub
⑶⑾⒃⑻	grudge
⑶⑾⒃④	gruff
⑶⒈⑵⑹	guards
⑶⑭⑥②	guest
⑶⑯④⒇	guffaw
⑶⒂⑵⑹	guides
⑶⒀⑫⒁	guillemet
⑶⑬⑿⑬	guinea
⑶⒂⑯⑿	guion
⑶⑬②⒈	guitar
⑶⒃⑪⑧	gulch
⑶⒃⑪④	gulf
⑶⒃⑪⑵	gulled
⑶⒃⑪⑹	gulls
⑶⒃⑪⑬	gully
⑶⒃⑪①	gulp
⑶⒃⑫⑵	gummed
⑶⒃⑫⑬	gummy
⑶⒃⑫⑹	gums
⑶⒃⑿⑵	gunned
⑶⒃⑿⒌	gunner
⑶⒃⑿⑬	gunny
⑶⒃⑿⑹	guns
⑶⒋③⑯	gurkha
⑶⒅⑾⒅	guru
⑶⒃⑦②	gushed
⑶⒃⑦⒌	gusher
⑶⒃⑥②	gust
⑶⒃②⑥	guts
⑶⒃②⒌	gutter
⑶⒂⑬⑩	guying
⑻⑬⑫⑹	gyms
⑻⑬①②	gypped
⑻⑬①⑥	gyps
⑽⑯⑫⑵	h'mmed
⑽⑯⑫⑹	h'ms
⑽⑮③②	hacked
⑽⑮③⑥	hacks
⑽⑮⑻⑬	hadji
⑽⑳④②	haft
⑽⑮⑶⑹	hags
⑽⑳⑽⑳	haha
⑽⒁⑪⑵	hailed
⑽⒁⑪⑹	hails
⑽⒁⑿②	haint
⑽⒊⑵⒅	hairdo
⑽⒊⑬⒌	hairier
⑽⑯⑪⒄	hello
⑽⑯⑪⒅	halloo
⑽⑮⑪⒄	hallow
⑽⒇⑪⑹	halls
⑽⒁⑪⒄	halo
⑽⒇⑪②	halt
⑽⑳⑷⑵	halved
⑽⑳⑷⑹	halves
⑽⑮⑫⑵	hammed
⑽⑮⑫⒌	hammer
⑽⑮⑫⑹	hams
⑽⑮⑿⑵	hand
⑽⑮⑩⒌	hangar
⑽⑮⑩⑵	hanged
⑽⑮⑩⑹	hangs
⑽⑮⑩③	hank
⑽⑮①②	happed
⑽⑮①⑬	happy
⑽⑮①⑥	haps
⑽⒌⑮⑩	harangue
⑽⒌⑮⑥	harass
⑽⒈⑴⒌	harbour
⑽⒈⑵⒌	harder
⑽⒈⑵⑬	hardy
⑽⒈⒀⑫	harem
⑽⒊⑬⑩	haring
⑽⒈③②	harked
⑽⒈③⑥	harks
⑽⒈⑫⑵	harmed
⑽⒈⑫⑹	harms
⑽⒈①②	harped
⑽⒈①⒌	harper
⑽⒈①⑥	harps
⑽⒈①⑬	harpy
⑽⑮⑾⒄	harrow
⑽⑮⑾⑬	harry
⑽⒈⑦⒌	harsher
⑽⒈②⑥	hearts
⑽⑮⑦②	hashed
⑽⑳⑥①	hasp
⑽⑮⑥②	hast
⑽⒁⑥②	haste
⑽⑮⑧②	hatched
⑽⒁②⑥	hates
⑽⑮②⑥	hats
⑽⑮②⒌	hatter
⑽⒇②⑬	haughty
⑽⒇⑪⑵	hauled
⑽⒇⑪⒍	haulier
⑽⒇⑿⑧	haunch
⑽⒇⑿②	haunt
⒄⑴⒆⑹	hautboys
⑽⑮⑷⑹	haves
⑽⒇⑬⑩	hawing
⑽⒇③②	hawked
⑽⒇③⒌	hawker
⑽⒇③⑥	hawks
⑽⒇⑹⒌	hawser
⑽⒁⑬⑩	haying
⑽⒁⑹⑵	hazed
⑽⒁⑹⑬	hazy
⑽⑭⑵⒌	header
⑽⑭⑵⑹	heads
⑽⑭⑵⑬	heady
⑽⒀⑪⑵	healed
⑽⒀⑪⒌	healer
⑽⒀⑪⑹	heels
⑽⑭⑪⑤	health
⑽⒀①②	heaped
⑽⒀①⑥	heaps
⑽⒍⒌⑹	hearers
⑽⒍⑬⑩	hearing
⑽⒍⑥⒁	hearsay
⑽⒈⑤⑥	hearths
⑽⒈②⑬	hearty
⑽⒀②⒌	heater
⑽⑭⑸⒌	heather
⑽⒀⑤⑥	heaths
⑽⒀②⑥	heats
⑽⒀⑷⑵	heaved
⑽⒀⑷⑹	heaves
⑽⑭⑷⑬	heavy
⑽⑭③⑥	hecks
⑽⑭⑻⑵	hedged
⑽⒀⑵⑹	heeds
⑽⒀⑽⒇	heehaw
⑽⒀⑬⑩	heeing
⑽⑭④⒌	heifer
⑽⒁⑽⒄	heighho
⑽⒂②⑥	heights
⒊⑪⒅⑫	heirloom
⑽⑭⑪⑵	held
⑽⑭⑪⑹	hells
⑽⑭⑪⑫	helm
⑽⑭⑪①	help
⑽⑭⑪⑷	helve
⑽⑭⑫⑵	hemmed
⑽⑭⑫①	hemp
⑽⑭⑫⑹	hems
⑽⑭⑿⑥	hence
⑽⑭⑿⑧	hench
⑽⑭⑿⑯	henna
⑽⑭⑿⑹	hens
⑽⒋⑴⑹	herbs
⑽⒋⑵⑹	herds
⑽⒍⑴⒂	hereby
⑽⒍⑬⑿	herein
⑽⒍⑰⑷	hereof
⑽⒍②⒅	hereto
⑽⒋⑿⒎	hernia
⑽⒍⒄⑹	heroes
⑽⒊⑯⑿	herren
⑽⒋②⑥	hurts
⑽⒏⒌⑹	hewers
⑽⒏⑬⑩	hewing
⑽⒁⑵⒁	heyday
⑽⑬③⑥	hicks
⑽⒂⑵⑹	hides
⑽⒂⑬⑩	hieing
⑽⒂⑴⒆	highboy
⑽⒂⑪⑬	highly
⑽⒂⑼⒁	highway
⑽⒂③②	hiked
⑽⒂③⒌	hiker
⑽⒂③⑥	hikes
⑽⑬⑪⑹	hills
⑽⑬⑪⑬	hilly
⑽⑬⑪②	hilt
⑽⒂⑿⑵	hind
⑽⑬⑿⑻	hinge
⑽⑬⑿②	hint
⑽⑬①⑬	hippie
⑽⑬①⒄	hippo
⑽⑬①⑥	hips
⑽⒂⒌⑵	hired
⑽⒂⒌⑹	hires
⑽⑬⑥②	hissed
⑽⑬⑧②	hitched
⑽⑬⑸⒌	hither
⑽⑬②⑥	hits
⑽⒂⑷⑵	hived
⑽⒂⑷⑹	hives
⑽⒉⑵⒌	hoarder
⑽⒉⑵⑹	hordes
⑽⒉⑬⒌	hoarier
⑽⒉⑥⒌	hoarser
⑽⒄③⑥	hoax
⑽⑰⑴⑬	hobby
⑽⒄⑴⒄	hobo
⑽⑰⑴⑹	hobs
⑽⑰③②	hocked
⑽⑰③⑬	hockey
⑽⑰③⑥	hocks
⑽⑰⑵⑹	hods
⑽⒄⑬⑩	hoeing
⑽⑰⑶⑵	hogged
⑽⑰⑶⑹	hogs
⑽⒆⑥②	hoist
⑽⒄⑪⑵	hold
⑽⒄⑪⑹	holes
⑽⑰⑪⒌	holler
⑽⑰⑪⒄	hollow
⑽⑰⑪⑬	holly
⑽⒄⑪⑬	holy
⑽⒄⑫⑹	homes
⑽⒄⑫⑬	homey
⑽⒄⑫⒄	homo
⑽⒄⑿⑵	honed
⑽⒄⑿⑹	hones
⑽⒃⑿⑬	honey
⑽⑰⑩③	honk
⑰⑿⒌⑹	honours
⑰⑿⒌⑵	honoured
⑽⒅⑵⒅	hoodoo
⑽⑱⑵⑹	hoods
⑽⒅④⑥	hoofs
⑽⑱③⑯	hookah
⑽⑱③②	hooked
⑽⑱③⒌	hooker
⑽⑱③⑥	hooks
⑽⑱③⑬	hooky
⑽⒅①②	whooped
⑽⒅①⑥	hoops
⑽⒅②⒌	hooter
⑽⒅②⑥	hoots
⑽⒅⑷⒌	hoover
⑽⒅⑷⑹	hooves
⑽⒄①②	hoped
⑽⒄①⑥	hopes
⑽⑰①②	hopped
⑽⑰①⒌	hopper
⑽⑰①⑥	hops
⑽⒉⑿⑵	horned
⑽⒉⑿⑹	horns
⑽⒉⑿⑬	horny
⑽⑰⑾⒌	horror
⑽⒉⑥⑬	horsey
⑽⒄⑹⑵	hosed
⑽⒄⑹⒍	hosier
⑽⒄⑥②	host
⑽⑰②⑥	hots
⑽⑰②⒌	hotter
⑽⑲⑿⑵	hound
⑽⑱⒌⑬	houri
⑲⒌⑪⑬	hourly
⑽⑲⑹⑵	housed
⑽⑰⑷⒌	hover
⑽⑲⑵⑯	howdah
⑽⑲⑪⑵	howled
⑽⑲⑪⒌	howler
⑽⑲⑪⑹	howls
⒁⑧①⒀	hp
⒁⑧③⒏	hq
⑽⒃⑴⑬	hubby
⑽⒃⑴⑹	hubs
⑽⒃④②	huffed
⑽⒃④⑥	huffs
⑽⒃④⑬	huffy
⑽⒃⑶⑵	hugged
⑽⒃⑶⑹	hugs
⑽⒅⑪⑯	hula
⑽⒃⑪③	hulk
⑽⒃⑪⑵	hulled
⑽⒃⑪⑹	hulls
⑽⒃⑫⑵	hummed
⑽⒏⑫⒌	humour
⑽⒃⑫①	hump
⑽⒃⑫⑹	hums
⑽⒃⑿⑧	hunch
⑽⒃⑩③	hunk
⑽⒃⑿⑹	huns
⑽⒃⑿②	hunt
⑽⒋⑪⑵	hurled
⑽⒋⑪⑹	hurls
⑽⒌⑳⑵	hurrahed
⑽⒌⑳⑹	hurrahs
⑽⒃⑾⑬	hurry
⑽⒃⑦②	hushed
⑽⒃⑥③	husk
⑽⑯⑹⒈	hussar
⑽⒃⑥⑬	hussy
⑽⒃②⑥	huts
⑽⒅⑶⑯	hygge
⑽⑬⑫⑵	hymned
⑽⑬⑫⑹	hymns
⑽⒂①⒄	hypo
⒂⑮⑫⑹	iambs
⑬⑴⑬⑵	ibid
⒂⑴⑬⑥	ibis
⒂⑥⑯⑹	ices
⒂⑥⑬⒌	icier
⒂⑥⑬⑩	icing
⒂③⑰⑿	icon
⒂⑵⒎⑪	ideal
⒂⑵⒎⑹	ideas
⑬⑵⑭⑫	idem
⑬⑵⒎⑫	idiom
⑬⑵⒎②	idiot
⒂⑵⑯⑪	idle
⒂⑵⑪⒌	idler
⒂⑵⑪⑬	idly
⑬⑵⑬⑪	idyll
⑬⑶⑪⒅	igloo
⑬⑶⑿⒉	ignore
⑬⑪⒅⑫	illume
⑬⑫⑬⑻	image
⑬⑫⑳⑫	imam
⑬⑫⑴⒏	imbue
⑬⑫⒋⑥	immerse
⑬⑫⒏⑿	immune
⑬⑫①⒊	impair
⑬⑫①⑥	imps
⑬⑿⒁⑿	inane
⑬⑿⑧②	inched
⑬⑿③⒋	incur
⑬⑿⑵⒉	indoor
⑬⑿⒋②	inert
⑬⑿④⒋	infer
⑬⑿④⒄	info
⑬⑿⑻⒌	injure
⑬⑩③②	inked
⑬⑩③⑥	inks
⑬⑩③⑬	inky
⑬⑿⑪⒁	inlay
⑬⑿⒁②	innate
⑬⑿⑬⑩	inning
⑬⑿⑦⒉	inshore
⑬⑿②⒋	inter
⑬⑿②⒅	into
⑬⑿⑷⒁	inveigh
⒂⑯⑿⑹	ions
⒂⒄②⑯	iota
⒂⒄⒏⑹	ious
⒂⑾⒁②	irate
⒂⑾⑬⑥	iris
⒂⑾⑬⑦	irish
⒋③⑬⑩	irking
⒂⒌⑿⑵	ironed
⒂⒌⑿⑹	irons
⑬⑹⑯⑫	ism
⑬⑦⒅⑵	issued
⑬⑦⒅⑹	issues
⑬②⑯⑵	it'd
⑬②⑯⑪	it'll
⑬⑧⑯⑹	itches
⑬⑧⑬⒌	itchier
⑬⑧⑬⑩	itching
⒂②⑯⑫	item
⒂⒏⑵⒀	iud
⒂⑷⑬⑵	ivied
⒂⑷⑬⑹	ivies
⒂⑷⒌⑬	ivory
⑻⑮⑴⑵	jabbed
⑻⑮⑴⒌	jabber
⑺⑮⑴⒄	jabot
⑻⑮⑴⑹	jabs
⑻⑮③②	jacked
⑻⑮③⑥	jacks
⑻⒁⑵⑹	jades
⑻⑮⑶⑵	jagged
⑻⑮⑶⑬	jaggy
⑻⑮⑶⑹	jags
⑻⒁③⑥	jakes
⑻⑮⑫⑹	jams
⑻⑮⑫⑵	jammed
⑻⒁①⑥	japes
⑻⒈⑬⑩	jarring
⑻⒇⑿②	jaunt
⑻⒇⑬⑩	jawing
⑻⑮⑹⑵	jazzed
⑻⑮⑹⑬	jazzy
⑻⒀①⑥	jeeps
⑻⒍⑬⑩	jeering
⑻⑭⑪⑬	jelly
⑻⑭⑫⑬	jemmy
⑻⑭⑿⑬	jenny
⑻⒋③②	jerked
⑻⒋③⑥	jerks
⑻⒋③⑬	jerky
⑻⑭⑾⑬	jerry
⑻⒋⑹⑬	jersey
⑻⑭⑥②	jest
⑻⑭②⑥	jets
⑻⑭②⑬	jetty
⑻⒅⑯⑪	jewel
⑻⒅⑭⑥	jewess
⑻⒅⑬⑦	jewish
⑻⑬⑴⑵	jibbed
⑻⑬⑴⑹	jibs
⑻⑬④⑬	jiffy
⑻⑬⑶⑵	jigged
⑻⑬⑶⒌	jigger
⑻⑬⑶⑹	jigs
⑻⑬⑪②	jilt
⑻⑬⑫⑬	jimmy
⑻⒂⑷⑵	jived
⑻⒂⑷⑹	jives
⑻⑰⑴⑵	jobbed
⑻⑰⑴⒌	jobber
⑻⑰⑴⑹	jobs
⑻⒄⑴⑹	jobs
⑻⑰③⑬	jockey
⑻⑰⑶⑵	jogged
⑻⑰⑶⒌	jogger
⑻⑰⑶⑹	jogs
⑻⑰⑿⑬	johnnie
⑻⒆⑿⑵	joined
⑻⒆⑿⒌	joiner
⑻⒆⑿⑹	joins
⑻⒆⑿②	joint
⑻⒆⑥②	joist
⑻⒄③②	joked
⑻⒄③⒌	joker
⑻⒄③⑥	jokes
⑻⑰⑪⑬	jolly
⑻⒄⑪②	jolt
⑻⑰②⑥	jots
⑻⑰②⒌	jotter
⑻⒅⑪⑹	joules
⑻⒋⑿⑬	journey
⑻⑲⑥②	joust
⑻⑲⑪⑹	jowls
⑻⑲⑪⑬	jowly
⑻⒆⑬⑩	joying
⑻⒆⑯⑥	joyous
⑻⒁①⒀	jp
⑻⒃⑵⒌	judder
⑻⒃⑻⑵	judged
⑻⒅⑵⒄	judo
⑻⒃⑶⑵	jugged
⑻⒃⑶⑹	jugs
⑻⒅⑥⑬	juicy
⑻⒅⑻⒅	juju
⑻⑯⑪⒂	july
⑻⒃⑫①	jump
⑻⒅⑿⑹	junes
⑻⒅⑿⒍	junior
⑻⒃⑩③	junk
⑻⑱⒌⒌	juror
⑻⑱⒌⑬	jury
⑻⒃⑥②	just
⑻⒃②⑥	juts
③⑮④⒌	kaffir
③⒂⑹⒌	kaiser
③⒈⑫⑯	karma
③⑳⑷⑯	kava
③⒂⑮③	kayak
③⒀⑪⑵	keeled
③⒀⑪⑹	keels
③⒀⑿⑵	keened
③⒀⑿⒌	keener
③⒀⑿⑹	keens
③⒀①⒌	keeper
③⒀①⑥	keeps
③⑭⑶⑹	kegs
③⑭⑪①	kelp
③⑭⑿⑵	kenned
③⑭⑿⑹	kens
③⒁①⑬	kepi
③⑭①②	kept
③⒀⑬⑩	keying
③⑳③⑬	khaki
③⑳⑿⑹	khans
③⑯⑫⒊	khmer
③⑬③②	kicked
③⑬③⑥	kicks
③⑬⑵⑬	kiddy
③⑬⑵⑹	kids
③⑬⑪⑵	killed
③⑬⑪⒌	killer
③⑬⑪⑹	kills
③⑬⑪⑿	kiln
③⒀⑪⒄	kilo
③⑬⑪②	kilt
③⒂⑿⑵	kind
③⑬⑩⑹	kings
③⑬⑩③	kink
③⑬①②	kipped
③⑬①⒌	kipper
③⑬①⑥	kips
③⒋③⑥	kirks
③⑬⑥②	kissed
③⑬⑥⒌	kisser
③⒂②⑥	kites
③⑬②⑥	kits
③⑬②⑬	kitty
③⒀⑼⒀	kiwi
⑿⑮③⒌	knacker
⑿⑮③⑥	knacks
⑿⑮①②	napped
⑿⑮①⑥	naps
⑿⒁⑷⑹	knaves
⑿⒀⑵⑹	needs
⑿⒀⑪⑵	kneeled
⑿⒀⑪⑹	kneels
⑿⑭⑪②	knelt
⑿⒂④②	knifed
⑿⒂④⑥	knifes
⑿⒂②⑥	nights
⑿⑬②⑥	knits
⑿⑬②⒌	knitter
⑿⒂⑷⑹	knives
⑿⑰⑴⑹	knobs
⑿⑰③②	knocked
⑿⑰③⒌	knocker
⑿⑰③⑥	knocks
⑿⒄⑪⑹	knolls
⑿⑰②⑥	knots
⑿⑰②⑬	knotty
⑿⑲②⑥	knouts
⑿⒄⑬⑩	knowing
③⒄⑴⒄	kobo
③⒌⑳⑿	koran
③⒌⒎⑿	korean
③⑲②⑲	kowtow
③⑾⑳⑪	kraal
③⑾⑬⑪	krill
③⒂①⒌	kuiper
③⑷⑮⑥	kvass
⑪⑳⑶⒌	lager
⑪⒁⑴⒌	labour
⑪⑮⑴⑹	labs
⑪⒁⑥②	laced
⑪⑮③②	lacked
⑪⑮③⑬	lackey
⑪⑮③⑥	lacks
⑪⑮③⒌	lacquer
⑪⒁⑥⑬	lacy
⑪⒁⑵⒈	ladar
⑪⑮⑵⒌	ladder
⑪⑮⑵⑬	laddie
⑪⑮⑵⑹	lads
⑪⒁⑵⑬	lady
⑪⑮⑶⑵	lagged
⑪⑮⑶⑹	lags
⑪⒁⑬③	laic
⑪⒊⑵⑹	lairds
⑪⒁③⑥	lakes
⑪⑳③⑥	lakhs
⑪⑳⑫⑯	llama
⑪⑮⑫⑵	lammed
⑪⑮⑫⑹	lambs
⑪⑳⑫⒁	lame
⑪⒁⑫⑵	lamed
⑪⒁⑫⒌	lamer
⑪⒁⑫⑹	lames
⑪⑮⑫①	lamp
⑪⑳⑿⑥	lance
⑪⑮⑿⑵	land
⑪⒁⑿⑹	lanes
⑪⑮⑩③	lank
⑪⑮①②	lapped
⑪⑮①⑥	laps
⑪⒈⑵⒌	larder
⑪⒈⑵⑹	lards
⑪⒈⑻⒌	larger
⑪⒈⑶⒄	largo
⑪⒈③②	larked
⑪⒈③⑥	larks
⑪⒈⑿⑵	larned
⑪⒈⑿⑹	larns
⑪⒈⑷⑯	larva
⑪⒈⑷⒀	larvae
⑪⒁⑹⒌	laser
⑪⑮⑦②	lashed
⑪⑮⑥⑬	lassie
⑪⑮⑥⒅	lasso
⑪⑳⑥②	last
⑪⑮⑧②	latched
⑪⒁②⒌	later
⑪⑳⑸⒌	lather
⑪⒁⑸⑹	lathes
⑪⑳②⑬	lathi
⑪⑳⑸⑹	laths
⑪⑮②⒌	latter
⑪⒇⑵⑹	lauds
⑪⑳④②	laughed
⑪⑳④⑥	laughs
⑪⒇⑿⑧	launch
⑪⒉⒎②	laureate
⑪⑳⑷⑯	lava
⑪⒁⑷⑵	laved
⑪⒁⑷⑹	laves
⑪⑮⑷⑹	lavs
⑪⒇⑿⑹	lawns
⑪⒇⑨⒌	lawyer
⑪⒁⑴⒂	layby
⑪⒁⒌⑵	layered
⑪⒁⒌⑹	layers
⑪⒁⑭②	layette
⑪⒁⑬⑩	laying
⑪⑮⑹⒌	lazar
⑪⒁⑹⑵	lazed
⑪⒁⑹⑬	lazy
①⑲⑿⑵	pound
⑪⒀⑧②	leached
⑪⒀⑵⒌	leader
⑪⒀⑵⑹	leads
⑪⒀④②	leafed
⑪⒀④⑥	leafs
⑪⒀④⑬	leafy
⑪⒀⑶⑵	leagued
⑪⒀⑶⑹	leagues
⑪⒀③②	leaked
⑪⒀③⑥	leaks
⑪⒀③⑬	leaky
⑪⒀⑿⑵	leaned
⑪⒀⑿⒌	leaner
⑪⒀⑿⑹	leans
⑪⑭⑿②	leant
⑪⒀①②	leaped
⑪⒀①⑥	leaps
⑪⑭①②	leapt
⑪⒋⑿⑵	learned
⑪⒋⑿⒌	learner
⑪⒋⑿⑹	learns
⑪⒋⑿②	learnt
⑪⒀⑥②	least
⑪⑭⑸⒌	leather
⑪⒀⑷⒌	lever
⑪⒀⑷⑹	leaves
⑪⑭⑧⒌	lecher
⑪⑭⑻⒌	ledger
⑪⒍⑬⒌	leerier
⑪⒍⑬⑩	leering
⑪⒀⑼⒁	leeway
⑪⑭④②	left
⑪⑭⑶⑬	leggy
⑪⑭⑶⑹	legs
⑪⒁⒀⑹	leis
⑪⑭⑺⒌	leisure
⑪⑭⑫⑯	lemma
⑪⒀⑫⒌	lemur
⑪⑭⑿⑵	lend
⑪⑭⑩⑤	length
⑪⑭⑿⑹	lens
⑪⑭①⒌	leper
⑪⑭⑥⒀	lessee
⑪⑭⑥⒌	lesser
⑪⑭⑥⒉	lessor
⑪⑭⑥②	lest
⑪⑭②⑥	let's
⑪⑭②⒌	letter
⑪⑭⑷⑬	levy
⑪⒏⑵⒌	lewder
⑪⑬⒁⑹	liaise
⑪⒂⒌⑹	liars
⑪⒂⑧⒀	lychee
⑪⑬③②	licked
⑪⑬③⑥	licks
⑪⒀⑵⒄	lido
⑪⑬⑵⑹	lids
⑪⒎⑿⑹	liens
⑪⒂④⒌	lifer
⑪⑬④②	lift
⑪⒂②⒌	lighter
⑪⒂②⑥	lights
⑪⒂③②	liked
⑪⒂③⑥	likes
⑪⑬⑪②	lilt
⑪⑬⑪⑬	lily
⑪⑬⑫⑵	limned
⑪⑬⑫⑹	limbs
⑪⒂⑫⑵	limed
⑪⒂⑫⑹	limes
⑪⒂⑫⑬	limey
⑪⑬⑫①	limp
⑪⑬⑿⒍	linear
⑪⒂⑿⑵	lined
⑪⒂⑿⒌	liner
⑪⒂⑿⑹	lines
⑪⑬⑩⑹	lings
⑪⑬⑩③	link
⑪⒂⑿⒄	lino
⑪⑬⑿②	lint
⑪⒂⑯⑿	lion
⑪⑬①②	lipped
⑪⑬①⑥	lips
⑪⑬③⒌	liquor
⑪⒍⑯⑹	liras
⑪⑬⑥①	lisp
⑪⑬⑥②	list
⑪⒀②⒌	litre
⑪⑬②⒌	litter
⑪⑬⑷⑵	lived
⑪⑬⑷⒌	liver
⑪⑬⑷⑹	lives
⑪⒂⑷⑹	lives
⑪⒆⑵⑹	lloyd's
⑪⒄⑵⒌	loader
⑪⒄⑵⑹	loads
⑪⒄④②	loafed
⑪⒄④⒌	loafer
⑪⒄④⑥	loafs
⑪⒄⑫⑬	loamy
⑪⒄⑿⑵	loaned
⑪⒄⑿⑹	loans
⑪⒄⑸⑵	loathed
⑪⒄⑸⑹	loathes
⑪⒄⑷⑹	loaves
⑪⑰⑴⑵	lobbed
⑪⑰⑴⑬	lobby
⑪⒄⑴⑵	lobed
⑪⒄⑴⑹	lobes
⑪⑰⑴⑹	lobs
⑪⑰③⑥	locks
⑪⒄⑥⒂	loci
⑪⑰③②	locked
⑪⑰③⒌	locker
⑪⒄③⒄	loco
⑪⑰⑻⑵	lodged
⑪⑰⑻⒌	lodger
⑪⒄⑭⑥	loess
⑪⑰④②	loft
⑪⑰⑶⑵	logged
⑪⑰⑻⒎	loggia
⑪⒄⑶⒄	logo
⑪⑰⑶⑹	logs
⑪⒆⑿⑹	loins
⑪⒆②⒌	loiter
⑪⑰⑪⑵	lolled
⑪⑰⑪⑹	lolls
⑪⑰⑪⑬	lolly
⑪⒄⑿⒌	loner
⑪⑰⑩⑵	longed
⑪⑰⑩⑹	longs
⑪⒅④⑯	loofah
⑪⑱③②	looked
⑪⑱③⒌	looker
⑪⑱③⑥	looks
⑪⒅⑫⑵	loomed
⑪⒅⑫⑹	looms
⑪⒅⑿⑹	loons
⑪⒅⑿⑬	loony
⑪⒅①②	looped
⑪⒅①⑥	loops
⑪⒅①⑬	loopy
⑪⒅⑥②	loosed
⑪⒅⑥⒌	looser
⑪⒅②⒌	looter
⑪⒅②⑥	lutes
⑪⒄①②	loped
⑪⒄①⑥	lopes
⑪⑰①②	lopped
⑪⑰①⑥	lops
⑪⒉⑵⑹	lords
⑪⑰⑾⑬	lorry
⑪⒅⑹⒌	loser
⑪⑰⑥②	lost
⑪⑰②⑥	lots
⑪⑰②⒄	lotto
⑪⑲⑵⒌	louder
⑪⑲⑿⑻	lounge
⑪⑲⒌⑵	lowered
⑪⑲⒌⑹	lowers
⑪⑲⑹⑬	lousy
⑪⑲②⑥	louts
⑪⒅⑷⒌	louvre
⑪⒃⑷⑵	loved
⑪⒃⑷⒌	lover
⑪⒃⑷⑹	loves
⑪⒄⒌⑵	lowered
⑪⒄⒌⑹	lowers
⑪⒄⑬⑩	lowing
⑪⒄⑪⑬	lowly
⑪⒆⑯⑪	loyal
⑭⑪①⒀	lp
⑪⒃⑴⒌	lubber
⑪⒃③⑬	lucky
⑪⒅③⒌	lucre
⑪⒅⑵⒄	ludo
⑪⒃④②	luffed
⑪⒃④⑥	luffs
⑪⒃⑶⑵	lugged
⑪⒃⑶⒌	lugger
⑪⒃⑶⑹	lugs
⑪⒃⑪⑵	lulled
⑪⒃⑪⑹	lulls
⑪⒃⑫⑬	lumme
⑪⒃⑫①	lump
⑪⒅⑿⒌	lunar
⑪⒃⑿⑧	lunch
⑪⒃⑿⑻	lunge
⑪⒃⑩⑹	lungs
⑪⒋⑧②	lurched
⑪⒋⑧⒌	lurcher
⑪⑱⒌⑵	lured
⑪⑱⒌⑹	lures
⑪⒋③②	lurked
⑪⒋③⑥	lurks
⑪⒃⑦⒌	lusher
⑪⒃⑥②	lust
⑪⒃③⑥	luxe
⑪⒀⑥⒁	lycee
⑪⒂⑬⑩	lying
⑪⑬⑫④	lymph
⑪⑬⑿⑧	lynch
⑫⑯③⒇	macaw
⑫⑮③⑥	max
⑫⑮⑵⒌	madder
⑫⑳④⒎	mafia
⑫⒁⑻⒂	magi
⑫⑮⑶⑹	mags
⑫⒁⑵⑹	maids
⑫⒁⑪⑵	mailed
⑫⒁⑪⑹	males
⑫⒁⑫⑵	maimed
⑫⒁⑫⑹	maims
⑫⒁⑿⑹	manes
⑫⒁⑻⒌	major
⑫⒁③⒌	maker
⑫⒁③⑥	makes
⑫⑯⑪⒁	malay
⑫⑮⑪⒄	mallow
⑫⒇⑪⑹	malls
⑫⒇⑪②	malt
⑫⑯⑫⑳	mama
⑫⑮⑫⑬	mammy
⑫⒁⑿⑻	mange
⑫⒁⑿⒎	mania
⑫⑮⑿⑯	manna
⑫⑮⑿⑵	manned
⑫⑮⑿⒌	manner
⑫⑮⑿⑹	mans
⑫⑮⑿⑥	manse
⑫⑭⑿⑬	many
⑫⑲⑾⑬	maori
⑫⑮①②	mapped
⑫⑮①⑥	maps
⑫⑮③⒀	maquis
⑫⒌⒇⑵	maraud
⑫⒈⑧②	marched
⑫⒈⑧⒌	marcher
⑫⒌⒀⑿	marine
⑫⒈③②	marked
⑫⒈③⒌	marker
⑫⒈③⑥	marks
⑫⒌⒅⑿	maroon
⑫⒈③⒀	marquee
⑫⒈⑬⑩	marring
⑫⑮⑾⒄	marrow
⑫⑮⑾⑬	marry
⑫⒈⑦⑬	marshy
⑫⒈②⑥	marts
⑫⒈②⒌	martyr
⑫⑮⑥③	masc
⑫⒁⑹⒌	maser
⑫⑮⑦②	mashed
⑫⑮⑦⒌	masher
⑫⑳⑥③	mask
⑫⑮⑥②	massed
⑫⑮⑥⒋	masseur
⑫⑮⑥⑬	massy
⑫⑳⑥②	mast
⑫⑮⑧⑯	matcha
⑫⑮⑧②	matched
⑫⑳②⒁	mate
⑫⒁②⑥	mates
⑫⒁②⑬	matey
⑫⑮⑤⑥	maths
⑫⑮②⑥	mats
⑫⑮②⒌	matter
⑫⒇⑪⑵	mauled
⑫⒄⑷⑹	mauves
⑫⒁⑴⒀	maybe
⑫⒁⑵⒁	mayday
⑫⒁⑿②	mayn't
⑫⒊⑯⑪	mayoral
⑫⒊⑭⑥	mayoress
⑫⒁⑹⑵	mazed
⑫⒁⑹⑬	mazy
⑭⑫⑴⒀	mb
⑭⑫⑥⒀	mc
⑭⑫⑵⒀	md
⑫⑭⑵⒄	meadow
⑫⒀⑵⑹	meads
⑫⒀⑶⒌	meagre
⑫⒀⑪⑬	mealy
⑫⒀⑪⑹	meals
⑫⒀⑿⒌	meaner
⑫⒀⑿⑬	meanie
⑫⒀⑿⑹	means
⑫⑭⑿②	meant
⑫⑭⑺⒌	measure
⑫⒀②⑥	meets
⑫⒀②⑬	meaty
⑫⒀⑵⒎	media
⑫⒀③⒌	meeker
⑫⒁⑪⒁	melee
⑫⑭⑪⒄	mellow
⑫⑭⑪②	melt
⑫⒀⑫⑹	memes
⑫⑭⑫⒄	memo
⑫⑭⑿⑵	mend
⑫⑭⑿⒏	menu
⑫⒋⑥⒌	mercer
⑫⒊⑥⑬	merci
⑫⒋⑥⑬	mercy
⑫⒍⑪⑬	merely
⑫⒋⑻⑵	merged
⑫⒋⑻⒌	merger
⑫⒌⑮⑩	meringue
⑫⑭⑾⑬	merry
⑫⑭⑦②	meshed
⑫⑭⑥②	messed
⑫⑭⑥⑬	messy
⑫⑭②⑯	meta
⑫⒀②⒌	metre
⑫⑭⑤⑥	meths
⑫⒏⑬⑩	mewing
⑫⑬⑲⑵	miaowed
⑫⑬⑲⑹	miaows
⑫⒂③⑯	mica
⑫⑬③⑬	mickey
⑫⑬⑵⑬	middy
⑫⒂②⑬	mighty
⑫⒂③⑥	mikes
⑫⑬⑪⑧	milch
⑫⒂⑪⑵	mild
⑫⒂⑪⒌	miler
⑫⒂⑪⑹	miles
⑫⑬⑪③	milk
⑫⑬⑪⑵	milled
⑫⑬⑪⒌	miller
⑫⑬⑪⑹	mills
⑫⑬⑪②	milt
⑫⒂⑫⑵	mimed
⑫⒂⑫⑹	mimes
⑫⑬⑿⑥	mince
⑫⒂⑿⑵	mind
⑫⒂⑿⒌	minor
⑫⒂⑿⑹	mines
⑫⑬⑿⑬	mini
⑫⑬⑩③	mink
⑫⑬⑿⒄	minnow
⑫⑬⑿②	mint
⑫⒂⒌⑵	mired
⑫⒂⒌⑹	mires
⑫⑬⑾⒌	mirror
⑫⒂⒌⑬	miry
⑫⑬⑥③	misc
⑫⒂⑹⒌	miser
⑫⑬⑥②	missed
⑫⑬⑥⑬	missy
⑫⒂②⑥	mites
⑫⒂②⒌	mitre
⑫⑬②⑥	mitts
⑫⑬③⑥	mix
⑫⒄⑿⑵	moaned
⑫⒄⑿⑹	moans
⑫⒄②⑥	motes
⑫⑰⑴⑵	mobbed
⑫⑰⑴⑹	mobs
⑫⑰③⑯	mocha
⑫⑰③②	mocked
⑫⑰③⒌	mocker
⑫⑰③⑥	mocks
⑫⒄⑵⑹	modes
⑫⑰⑵⑹	mods
⑫⒄⑽⒊	mohair
⑫⒆⑪⑵	moiled
⑫⒆⑪⑹	moils
⑫⒆⑥②	moist
⑫⒄③⑥	mokes
⑫⒄⑪⒌	molar
⑫⒄⑪⑹	moles
⑫⑰⑪⑹	molls
⑫⒃⑿⑬	money
⑫⒃⑩③	monk
⑫⑰⑿⒄	mono
⑫⒃⑿⑤	month
⑫⒅⑧②	mooched
⑫⒅⑵⑹	moods
⑫⒅⑵⑬	moody
⑫⒅⑬⑩	mooing
⑫⒅⑿⑵	mooned
⑫⒅⑿⑹	moons
⑫⒅⑿⑬	moony
⑫⑱⒌⑵	moored
⑫⑱⒌⑹	moors
⑫⒅②⑥	moots
⑫⒄①②	moped
⑫⒄①⑥	mopes
⑫⑰①②	mopped
⑫⑰①⑥	mops
⑫⒌⑳⑪	morale
⑫⒌⑮⑥	morass
⑫⒉⒁⑹	mores
⑫⒉⑶⑹	morgues
⑫⒉⑿⑹	mourns
⑫⒉⑰⑿	moron
⑫⒌⒄⑥	morose
⑫⒉④⒎	morphia
⑫⑰⑾⒄	morrow
⑫⒉②⒌	mortar
⑫⒄⑹⑬	mosey
⑫⑰⑥③	mosque
⑫⑰⑥⑬	mossy
⑫⒄⑥②	most
⑫⒃⑸⒌	mother
⑫⑰⑤⑥	moths
⑫⒄②⒌	motor
⑫⑰②⒄	motto
⑫⒄⑪⑵	mould
⑫⒄⑪②	moult
⑫⑲⑿⑵	mound
⑫⑲⑿②	mount
⑫⒉⑿⑵	mourned
⑫⒉⑿⒌	mourner
⑫⑲⑥②	moused
⑫⑲⑹⒌	mouser
⑫⑲⑥⑬	mousy
⑫⑲⑸⑵	mouthed
⑫⑲⑸⑹	mouths
⑫⒅⑷⑵	moved
⑫⒅⑷⒌	mover
⑫⒅⑷⑹	moves
⑫⒅⑷⑬	movie
⑫⒄⒌⑹	mowers
⑫⑲⑬⑩	mowing
⑫⒄⑬⑩	mowing
⑭⑫①⒀	mp
⑫⒃③②	mucked
⑫⒃③⑥	mucks
⑫⒃③⑬	mucky
⑫⒃⑵⑬	muddy
⑫⒃⑵⑹	muds
⑫⒃④②	muffed
⑫⒃④⑥	muffs
⑫⒃⑶⑵	mugged
⑫⒃⑶⒌	mugger
⑫⒃⑶⑬	muggy
⑫⒃⑶⑹	mugs
⑫⒃⑪⑧	mulch
⑫⒏⑪⑹	mules
⑫⒃⑪⑯	mullah
⑫⒃⑪⑵	mulled
⑫⒃⑪⑹	mulls
⑫⒃⑫⒌	mummer
⑫⒃⑫⑬	mummy
⑫⒃⑫⑹	mums
⑫⒃⑿⑧	munch
⑫⒋⑵⒌	murder
⑫⒋③⑬	murky
⑫⒋⑫⒌	murmur
⑫⒋④⑬	murphy
⑫⒏⑹⑵	mused
⑫⒃⑦⑬	mushy
⑫⒃⑥③	musk
⑫⒃⑥②	must
⑫⒏②⑥	mutes
⑫⒃②⒌	mutter
⑫⒃②⑥	mutts
⑫⒃⑹⑬	muzzy
⑫⒂⑿⑯	mynah
⑫⑬⑤⑥	myths
⑿⑮④⑬	naafi
⑿⑮⑴⑵	nabbed
⑿⑮⑴⑹	nabs
⑿⒁③⒌	nacre
⑿⒁⑵⒍	nadir
⑿⑮⑶⑵	nagged
⑿⑮⑶⒌	nagger
⑿⑮⑶⑹	nags
⑿⒂⑮⑵	naiad
⑿⒁⑪⑵	nailed
⑿⒁⑪⑹	nails
⑿⒂⑾⑯	naira
⑿⒂⒀⑷	naive
⑿⒁⑫⑵	named
⑿⒁⑫⒌	namer
⑿⒁⑫⑹	names
⑿⑮⑿⑬	nanny
⑿⒁①⑥	napes
⑿⑮①⑬	nappy
⑿⒈③②	narked
⑿⒈③⑥	narks
⑿⒌⒁②	narrate
⑿⑮⑾⒄	narrow
⑿⑮②⒌	natter
⑿⑮②⑬	natty
⑿⒁⑧⒌	nature
⑿⒇②⑥	noughts
⑿⒇②⑬	naughty
⑿⒇⑹⒎	nausea
⑿⑮⑷⑬	navvy
⑿⒁⑷⑬	navy
⑭⑿⑴⒀	nb
⑿⒀①⑥	neaps
⑿⒍⑴⒂	nearby
⑿⒍⑬⑩	nearing
⑿⒍⑪⑬	nearly
⑿⒀②⒌	neater
⑿⑭③②	necked
⑿⑭③⑥	necks
⑿⒀⑵⑬	needy
⑿⒁⑴⒌	neighbour
⑿⒁⑬⑩	neighing
⑿⒂⑸⒌	neither
⑿⑭⑪⑬	nelly
⑿⒀⑰⑿	neon
⑿⑭④⒏	nephew
⑿⒋⑷⑵	nerved
⑿⒋⑷⑹	nerves
⑿⒋⑷⑬	nervy
⑿⑭⑥②	nest
⑿⑭⑸⒌	nether
⑿⑭②⑥	nets
⑿⒏②⒌	neuter
⑿⑭⑷⒌	never
⑿⒏⑯⑪	newel
⑿⒏⑪⑬	newly
⑿⒏⑹⑬	newsy
⑿⒏②⑥	newts
⑿⑬⑴⑹	nibs
⑿⒂⑥⒌	nicer
⑿⑬③②	nicked
⑿⑬③⑥	nicks
⑿⑬④⑥	niffs
⑿⑬④⑬	niffy
⑿⑬⑶⒌	nigger
⑿⒂②⑬	nightie
⑿⑬⑪⑬	nilly
⑿⒂⑿⑹	nines
⑿⑬⑿⑬	ninny
⑿⒂⑿⑤	ninth
⑿⑬①②	nipped
⑿⑬①⒌	nipper
⑿⑬①⑬	nippy
⑿⑬①⑥	nips
⑿⒂⑥⒂	nisi
⑿⒂②⒌	nitre
⑿⒄⑵⑹	nodes
⑿⑰⑵⑹	nods
⑿⒄⑯⑪	noel
⑿⒄⑽⑲	nohow
⑿⒆⑹⑵	noised
⑿⒆⑹⑬	noisy
⑿⑰⑿⑥	nonce
⑿⑱③⑥	nooks
⑿⒅⑥②	noosed
⑿⒉⑫⑹	norms
⑿⒄⑹⑵	nosed
⑿⒄⑹⑬	nosy
⑿⑰⑦②	noshed
⑿⑰⑧②	notched
⑿⒄②⑥	notes
⑿⒅⑶⑳	nougat
⑿⑲⑿⑹	nouns
⑿⒅⑷⒄	nouveau
⑿⒄⑷⑯	nova
⑿⒄⑷⒀	novae
⑿⒄⑼⒊	nowhere
⑿⒃⑴⑹	nubs
⑿⒏⑵⑹	nudes
⑿⒃⑻⑵	nudged
⑿⒏③⑥	nukes
⑿⒃⑫⑵	numbed
⑿⒃⑫⑹	numbs
⑿⒃⑿⑹	nuns
⑿⒋⑥②	nursed
⑿⒋⑥⑬	nursey
⑿⒋⑧⒌	nurture
⑿⒃②⑥	nuts
⑿⒃②⑬	nutty
⑿⑬⑫④	nymph
⒄④⑬⑦	oafish
⒄③⑯⑿	oaken
⒄③⑯⑫	oakum
⒄⒁①⒀	oap
⒄⑥②⑥	oasts
⒄⑴⒀⑥	obese
⑯⑴⒁⑵	obeyed
⑯⑴⒁⑹	obeys
⒄⑴⑬⑹	obis
⒄⑴⒄⑹	oboes
⑯③⒋⑵	occurred
⑯③⒋⑹	occurs
⒄⑦⑯⑿	ocean
⑰⑵⑪⑬	oddly
⒄⑵⒎⑥	odious
⒄⑵⒎⑫	odium
⒄⑵⒌⑹	odours
⑰④⑯⑪	offal
⑰④⒌⑵	offered
⑰④⒌⑹	offers
⑰④⑬⑥	office
⑰④⑬⑩	offing
⑰④⑬⑦	offish
⑰④⑦⒉	offshore
⑰④⑯⑿	often
⒄⑶⑯⑪	ogle
⒄⑶⒌⑹	ogres
⒆⑪⒌⑹	oilers
⒆⑪⑬⒌	oilier
⒆⑪⑬⑩	oiling
⒆⑩③②	oinked
⒆⑩③⑥	oinks
⒄③⒁⑵	okayed
⒄③⒁⑹	okays
⒄③⑾⑯	okra
⒄⑪⑵⒌	older
⑰⑪⑬⑷	olive
⒄⑫⑯⑿	omen
⒄⑫⑬②	omit
⑼⒃⑿⑥	once
⑼⒃⑿⑹	ones
⒄⑿⑪⑬	only
⑰⑿⑦⒉	onshore
⑰⑿②⒅	onto
⒄⑿⑯⑥	onus
⒅⑹⑯⑹	oozes
⒅⑹⑬⒌	oozier
⒅⑹⑬⑩	oozing
⒄①⑯⑪	opal
⒄①⒁③	opaque
⒄①⑯⑿	open
⑰①⒌⑯	opera
⒄①⒎②	opiate
⑯①⒂⑿	opine
⒄①⒎⑫	opium
⑯①⒄⑹	oppose
⑯①⒏⑿	oppugn
⑰①②⑥	opts
⒄①⑯⑥	opus
⒉⑯⑪⑬	orally
⒉⑯⑪⑹	orals
⑰⑾⒁②	orate
⒉⑴⑬②	orbit
⒉⑧⒌⑵	orchard
⒉③⑬⑵	orchid
⒉③⑬⑥	orchis
⒉⑵⒁⑿	ordain
⒉⑵⒀⑪	ordeal
⒉⑵⒌⑵	ordered
⒉⑵⒌⑹	orders
⒉⑶⑯⑿	organ
⒉⑻⑬⑹	orgies
⒉⒎⑪⑹	oriels
⒉⒎⑿②	orient
⒉⑪⑰①	orlop
⒉⑿⒁②	ornate
⒉⑿⒌⑬	ornery
⒉④⑯⑿	orphan
⑰⑥③⒌	oscar
⒄⑹⒍⑹	osiers
⑰⑥⒎⑥	osseous
⑰⑥⑪⒌	ostler
⒃⑸⒌⑹	others
⑰②⒌⑹	otters
⑼⒀⑻⑯	ouija
⑲⑥②⑥	ousts
⑲②⑵⒅	outdo
⑲②⑵⒉	outdoor
⑲②⑯⑵	outed
⑲②⑶⒄	outgo
⑲②⑬⑩	outing
⑲②⑪⒇	outlaw
⑲②⑪⒁	outlay
⒅②⑾⒁	outré
⑲②⑷⒂	outvie
⑲②⑼⒊	outwear
⑲②⑼⒁	outweigh
⑲②⑼⒉	outwore
⒅⑹⑯⑪	ouzel
⒄⑷⑯⑪	oval
⒄⑷⒌⑬	ovary
⒃⑷⑯⑿	oven
⒄⑷⒌⒇	overawe
⒄⑷⒌⑹	overs
⒄⑷⒋②	overt
⒄⑷⒆⑵	ovoid
⒄⑷⑯⑫	ovum
⑲⑪⑯②	owlet
⑲⑪⑬⑦	owlish
⒄⑿⒌⑹	owners
⒄⑿⑬⑩	owning
⑰③⑥⒂	oxeye
⒄⑨⑭⑥	oyes
⒄⑨⑭⑹	oyez
⒆⑥②⒌	oyster
⒄⑹⒄⑿	ozone
①⒁⑥②	paste
①⑮③②	packed
①⑮③⒌	packer
①⑮③⑥	packs
①⑮⑵⑬	paddy
①⑮⑵⑹	pads
①⒎⑿⑹	paeans
①⒎⑿⑬	peony
①⒁⑻⑵	paged
①⒁⑪⑹	pails
①⒁⑿⑵	pained
①⒁⑿⑹	pains
①⒁⑿②	paint
①⒊⑬⑩	pairing
①⒁⑪⑵	paled
①⒁⑪⒌	paler
①⑮⑪⑵	palled
①⒇⑪⑵	palled
①⑮⑪⒌	pallor
①⒇⑪⑹	palls
①⑮⑪⑬	pally
①⑳⑫⑵	palmed
①⑳⑫⒌	palmer
①⑳⑫⑹	palms
①⑳⑫⑬	palmy
①⑮⑪⑹	pals
①⑮⑩⑹	pangs
①⑮⑿⑵	panned
①⑮⑿⒍	pannier
①⑮⑿⑹	pans
①⑮⑿②	pant
①⑯①⑳	papa
①⒇①⒇	pawpaw
①⒁①⒌	paper
①⑮⑾⑯	para
①⒌⒁⑵	parade
①⒈⑧②	parched
①⒈④⒁	parfait
①⒌⒂⑯	pariah
①⒈③⑯	parka
①⒈③②	parked
①⒈③⑥	parks
①⒈③⑬	parky
①⒈⑪⑬	parley
①⒈⑪⒌	parlour
①⒈⑫⑬	parmie
①⒌⒄⑪	parole
①⒈③⒁	parquet
①⑮⑾⑬	parry
①⒈⑹⑵	parsed
①⒈⑥⒀	parsee
①⒈②⒊	parterre
①⒈②⑥	parts
①⒈②⑬	party
①⑳⑦⑯	pasha
①⑮⑥⒁	passe
①⑳⑥②	past
①⑮⑧②	patched
①⑮⑧⑬	patchy
①⑮②⒁	pate
①⒁②⒌	pater
①⒁②⑥	pates
①⑳⑸⑹	paths
①⑮②⑥	pats
①⑮②⒌	patter
①⑮②⑬	patty
①⒇⑿⑧	paunch
①⒇①⒌	pauper
①⒇⑹⑵	paused
①⒁⑷⑵	paved
①⒁⑷⑹	paves
①⒇⑬⑩	pawing
①⒇③⑬	pawky
①⒇⑿⑵	pawned
①⒇⑿⑹	pawns
①⒁⑵⒁	payday
①⒁⒀⑹	payees
①⒁⒌⑹	payers
①⒁⑬⑩	paying
①⒁⑰④	payoff
①⒀⑥⒀	pc
①⒀⑧②	peached
①⒀③②	peaked
①⒀③⑥	peaks
①⒀③⑬	peaky
①⒀⑪⑵	peeled
①⒀⑪⑹	peals
①⒋⑪⑵	purled
①⒋⑪⑹	pearls
①⒋⑪⑬	pearly
①⒀②⑬	peaty
①⑭③②	pecked
①⑭③⒌	pecker
①⑭③⑥	pecks
①⒀⑬⑩	peeing
①⒀⑪⒌	peeler
①⒀①②	peeped
①⒀①⒌	peeper
①⒀①⑥	peeps
①⒍⑬⑻	peerage
①⒍⑭⑥	peeress
①⒍⑬⑩	peering
①⒀⑷⑵	peeved
①⒀⑷⑹	peeves
①⑭⑶⑵	pegged
①⑭⑶⑹	pegs
①⒀③⒄	pekoe
①⑭⑪④	pelf
①⑭⑪②	pelt
①⑭⑿⑥	pence
①⑭⑿⑵	penned
①⑭⑿⑬	penny
①⑭⑿⑹	pens
①⑭①②	pepped
①⑭①⒌	pepper
①⑭①⑥	peps
①⒋⑧②	perched
①⒍⒎⑵	period
①⒍⑬⑹	peris
①⒋⑻⒌	perjure
①⒋③②	perked
①⒋③⑥	perks
①⒋③⑬	perky
①⒋⑫⑵	permed
①⒋⑫⑹	perms
①⒌⒅③	perruque
①⑭⑾⑬	perry
①⒌⒅⑹	peruse
①⒁⑥⒄	peso
①⑭⑥②	pest
①⒀②⒌	peter
①⑭②⑥	pets
①⑭②⑬	petty
①⒏②⒌	pewter
④⒊⒄⑹	pharaohs
④⒊⒀⑹	phares
④⒊⑰⑥	pharos
④⒁⑹⑵	phased
④⒂⑯⑪	phial
④⑪⑭⑫	phlegm
④⒄⑴⒎	phobia
④⒄⑿⑵	phoned
④⒄⑿⑹	phones
④⒄⑿⑬	phoney
④⒄②⒄	photo
①⒂③⑯	pica
①⑬③②	picked
①⑬③⒌	picker
①⑬③⑥	picks
①⒀⑥②	pieced
①⒍⑥②	pierced
①⒍⒄⑹	pierrots
①⒂④⑬	pifey
①⑬⑶⑵	pigged
①⑬⑶⑬	piggy
①⑬⑶⑹	pigs
①⒂③⑥	pikes
①⑬⑪⑲	pilau
①⒂⑪⑵	piled
①⒂⑪⑹	piles
①⑬⑪⒌	pillar
①⑬⑪⒄	pillow
①⑬⑪⑹	pills
①⑬⑫①	pimp
①⑬⑿⑧	pinch
①⒂⑿⑵	pined
①⒂⑿⑹	pines
①⑬⑩⑵	pinged
①⑬⑩⑹	pings
①⑬⑩③	pink
①⑬⑿⑵	pinned
①⑬⑿⑬	pinny
①⑬⑿⑹	pins
①⒂⑿②	pint
①⒂⑯⑿	pion
①⒂⑯⑥	pious
①⒂①②	piped
①⒂①⒌	piper
①⒂①⑥	pipes
①⑬①②	pipped
①⑬①⑥	pips
①⑬⑥②	pissed
①⑬⑧②	pitched
①⑬⑧⒌	pitcher
①⑬⑤⑬	pithy
①⑬②⑥	pits
①⑬②⑬	pity
①⑪⒁⑥	place
①⑪⑳⑺	plage
①⑪⒁⑻	plage
①⑪⒁⑶	plague
①⑪⑮⑵	plaid
①⑪⒁⑿	plane
①⑪⑮②	plait
①⑪⑮⑿	plan
①⑪⑳③	plaque
①⑪⑮⑦	plash
①⑪⒁②	plate
①⑪⒁⑵	played
①⑪⒁⒌	player
①⑪⒁⑹	plays
①⑪⒀⑧	pleach
①⑪⒀⑵	plead
①⑪⒀⑹	please
①⑪⒀②	pleat
①⑪⑭⑴	pleb
①⑪⑭⑵	pled
①⑪⑭⑻	pledge
①⑪⒂⑵	plied
①⑪⒂⑹	plies
①⑪⒂②	plight
①⑪⑰⑵	plod
①⑪⑰①	plop
①⑪⑰②	plot
①⑪⑲⑵	ploughed
①⑪⑲⑹	ploughs
①⑪⒆⑹	ploys
①⑪⒃③	pluck
①⑪⒃⑶	plug
①⑪⒃⑫	plum
①⑪⒅⑫	plume
①⑪⒃⑥	plus
①⑪⒃⑦	plush
①⒀⑭⑫	pm
①⒄⑧②	poached
①⒄⑧⒌	poacher
①⑰③②	pocked
①⑰③⑥	pox
①⑰⑻⑬	podgy
①⑰⑵⑹	pods
①⒄⑯⑫	poem
①⒄⑯②	poet
①⒆⑿②	point
①⒆⑹⑵	poised
①⒄③②	poked
①⒄③⒌	poker
①⒄③⑥	pokes
①⒄③⑬	poky
①⒄⑪⒌	polar
①⒄⑪⑹	poles
①⒄⑪⑵	polled
①⑰⑪⑹	polls
①⒄⑪⒄	polo
①⑰⑪⑬	poly
①⑰⑫⑬	pommy
①⑰⑫①	pomp
①⑰⑫⑹	poms
①⑰⑿⑥	ponce
①⑰⑿⑵	pond
①⒄⑿⑹	pones
①⒄⑿⑬	pony
①⒅④⑥	poofs
①⒅⑪⑵	pooled
①⒅⑪⑹	pools
①⒅①⑥	poops
①⑱⒌⒌	poorer
①⒄①⑥	popes
①⑰①⑯	poppa
①⑰①②	popped
①⑰①⑬	poppy
①⑰①⑥	pops
①⒉⑬⑩	pouring
①⒉③⒌	porker
①⒉⑯⑥	porous
①⒉②⒌	porter
①⒉②⑥	ports
①⒄⑹⑵	posed
①⒄⑹⒌	poser
①⒄⑹⒋	poseur
①⑰⑦②	poshed
①⑰⑦⒌	posher
①⑰⑥⑬	posse
①⒄⑥②	post
①⒄⑹⑬	posy
①⑰⑸⒌	pother
①⑰②⑥	pots
①⑰②⒌	potter
①⑰②⑬	potty
①⑲⑧②	pouched
①⑲⑿⑥	pounce
①⑲②⑥	pouts
①⑲⑵⒌	powder
①⑲⒌⑵	powered
①⑲⒌⑹	powers
①⑲⑼⑲	powwow
①⑾⒊⑬	prairie
①⑾⒁⑹	praise
①⑾⑮⑫	pram
①⑾⒁②	prate
①⑾⒇⑿	prawn
①⑾⒁⑵	prayed
①⑾⒊⑹	prayers
①⑾⒀⑧	preach
①⑾⒀⑿	preen
①⑾⑭①	prep
①⑾⑭⑹	pres
①⑾⑭⑥	press
①⑾⒂⑥	price
①⑾⑬③	prick
①⑾⒂⑵	pride
①⑾⒂⑹	prize
①⑾⑬⑶	prig
①⑾⑬⑫	prim
①⑾⒂⑫	prime
①⑾⒂⒌	prior
①⑾⒄⑴	probe
①⑾⑰⑵	prod
①⑾⒄⑪	prole
①⑾⑰⑫	prom
①⑾⒄⑿	prone
①⑾⑰⑩	prong
①⑾⒅④	proof
①⑾⑰①	prop
①⑾⒄⑹	prose
①⑾⑲⑵	proud
①⑾⒅⑷	prove
①⑾⑲⑪	prowl
①⑾⑲⑹	prows
①⑾⒅⑵	prude
①⑾⒅⑿	prune
⑥⑳⑫⑹	psalms
⑥⒏⑵⒄	pseudo
⑥⒏⑵⑹	pseuds
⑥⒂③⑬	psyche
①⒀②⒀	pt
①⒃⑴⑹	pubs
①⒃③⒌	pucker
①⒃③⑥	pucks
①⒃⑻⑬	pudgy
①⒃④②	puffed
①⒃④⑥	puffs
①⒃④⑬	puffy
①⒃⑶⑹	pugs
①⒏③②	puked
①⒏③⑥	pukes
①⒃③⑯	pukka
①⒏⑪⑵	puled
①⒏⑪⑹	pules
①⑱⑪⑵	pulled
①⑱⑪⑬	pulley
①⑱⑪⑹	pulls
①⒃⑪①	pulp
①⒃⑪⑥	pulse
①⒏⑫⑯	puma
①⒃⑫①	pump
①⒃⑿⑧	punch
①⒃⑩③	punk
①⒃⑿⑵	punned
①⒃⑿⑹	puns
①⒃⑿②	punt
①⒏⑿⑬	puny
①⒏①⑯	pupa
①⒏①⒀	pupae
①⒃①⑬	puppy
①⒃①⑥	pups
①⒋⑵⑯	purdah
①⑨⑱⒌	pure
①⒋⑻⑵	purged
①⒋⑬⑩	purring
①⒋⑥②	pursed
①⒋⑥⒌	purser
①⒌⑥⒏	pursue
①⒋⑥⑬	pursy
①⒌⑷⒁	purvey
①⒋⑷⒏	purview
①⑱⑦②	pushed
①⑱⑦⒌	pusher
①⑱⑥⑬	pussy
①⑱②⑥	puts
①⒃②⑥	puts
①⒃②⑬	putty
①⒃②⒌	putter
①⒂⒌⒎	pyorrhoea
①⒂⒌⑹	pyres
③⒏⑥⒀	qc
③⑼⒉②	quart
③⑼⑮③	quack
③⑼⑰⑵	quad
③⑼⑰④	quaff
③⑼⒁⑪	quail
③⑼⒁③	quake
③⑼⑳⑫	qualm
③⑼⒈③	quark
③⑼⑰⑦	quash
③⑼⒀⑿	queen
③⑼⒍⑵	queered
③⑼⒍⒌	queerer
③⑼⒍⑹	queers
③⑼⑭⑪	quell
③⑼⒋⑿	quern
③⑼⒍⑬	query
③⑼⑬③	quick
③⑼⑬⑵	quid
③⑼⑬④	quiff
③⑼⑬⑪	quill
③⑼⑬⑿	quin
③⑼⑬①	quip
③⑼⒋③	quirk
③⑼⑬②	quit
③⑼⒂②	quite
③⑼⑬⑹	quiz
③⒆②⑥	quoits
③⑼⒄②	quote
③⑼⒄⑤	quoth
③⒏⑷⒀	qv
⑾⑮⑴⒂	rabbi
⑾⒁⑥②	raced
⑾⒁⑥⒌	racer
⑾⑮③②	racked
⑾⑮③⑥	racks
⑾⒁⑥⑬	racy
⑾⒁⑵⒈	radar
⑾⑮⑵⑹	rads
⑾⑮④⒎	raffia
⑾⑳④②	raft
⑾⒁⑻⑵	raged
⑾⑮⑶⑵	ragged
⑾⑮⑶⒅	ragout
⑾⑮⑶⑹	rags
⑾⒁⑵⒌	raider
⑾⒁⑵⑹	raids
⑾⒁⑪⑵	railed
⑾⒁⑪⑹	rails
⑾⒁⑿⑵	rained
⑾⒁⑿⑹	reins
⑾⒁⑿⑬	rainy
⑾⒁⑹⑵	raised
⑾⒁⑹⒌	razor
⑾⑳⑻⑯	rajah
⑾⒁③②	raked
⑾⒁③⑥	rakes
⑾⑮⑪⑬	rally
⑾⑮⑫⑵	rammed
⑾⑮⑫①	ramp
⑾⑮⑫⑹	rams
⑾⑮⑿⑧	ranch
⑾⑮⑿⑵	rand
⑾⑳⑿⒀	rani
⑾⒁⑿⑻	range
⑾⑮⑩③	rank
⑾⑮⑿②	rant
⑾⒁①②	raped
⑾⒁①⑥	rapes
⑾⒁①⒍	rapier
⑾⑮①②	wrapped
⑾⑮①⒉	rapport
⑾⑮①⑥	wraps
⑾⒊⑪⑬	rarely
⑾⒊⑬⑩	raring
⑾⑮⑦⒌	rasher
⑾⑳⑥①	rasp
⑾⒁②⑥	rates
⑾⑳⑸⒌	rather
⑾⑮②⑥	rats
⑾⑮②⒌	ratter
⑾⑮②⑬	ratty
⑾⒁⑷⑵	raved
⑾⒁⑷⒌	raver
⑾⒁⑷⑹	raves
⑾⒁⑬⑩	raying
⑾⒁⑰⑿	rayon
⑾⒀⑧②	reached
⑾⒀⑵⒌	reader
⑾⒀⑵⑹	reads
⑾⑭⑵⑬	ready
⑾⒁⑳⑪	real
⑾⒎⑪⒌	realler
⑾⒎⑪⑬	really
⑾⑭⑪⑫	realm
⑾⒀⑫⑹	reams
⑾⒀①②	reaped
⑾⒀①⒌	reaper
⑾⒀①⑥	reaps
⑾⒍⑬⑩	rearing
⑾⒀⒈⑫	rearm
⑾⑭③⑬	recce
⑾⑬③⒋	recur
⑾⑭⑵⒌	redder
⑾⒀⑵⒅	redo
⑾⑭⑵⑹	reds
⑾⒀⑵⑬	reedy
⑾⒀④②	reefed
⑾⒀④⒌	reefer
⑾⒀④⑥	reefs
⑾⒀③②	wreaked
⑾⒀③⑥	reeks
⑾⒀⑪⑵	reeled
⑾⒀⑪⑹	reels
⑾⒀⑷⑹	reeves
⑾⑬④⒋	refer
⑾⑭④②	reft
⑾⑭⑶⒁	reggae
⑾⒀⑻⒎	regia
⑾⒀⑽⒍	rehear
⑾⒂③⑥	reichs
⑾⑬⑪⒁	relay
⑾⒀⑪⒁	relay
⑾⑬⑪⒂	rely
⑾⑭⑿⑵	rend
⑾⑬⑿⒏	renew
⑾⑭⑿②	rent
⑾⑬①⒊	repair
⑾⑬①⒁	repay
⑾⑭①⑥	reps
⑾⑭⑥②	rest
⑾⑭⑧②	retched
⑾⑭②⑥	rets
⑾⑬⑷⒍	revere
⑾⑬⑷⒏	review
⑾⑭⑷⑹	revs
⑾⑭⑷⑵	revved
⑾⒂⑿⒄	rhino
⑾⑰⑫⑹	rhombs
⑾⒂⑫⑵	rhymed
⑾⒂⑫⑹	rhymes
⑾⑬⑴⑵	ribbed
⑾⑬⑴⑹	ribs
⑾⑬⑧⒌	richer
⑾⑬③②	ricked
⑾⑬③⑥	ricks
⑾⒂⑵⒌	rider
⑾⒂⑵⑹	rides
⑾⑬⑻⑵	ridged
⑾⑬⑵⑹	rids
⑾⑬④⑥	riffs
⑾⑬④②	rift
⑾⑬⑶⑵	rigged
⑾⑬⑶⒌	rigour
⑾⒂②⑥	rights
⑾⑬⑶⑹	rigs
⑾⒂⑪⑵	riled
⑾⒂⑪⑹	riles
⑾⑬⑪⑹	rills
⑾⑬⑫⑵	rimmed
⑾⑬⑫⑹	rims
⑾⒂⑿⑵	rind
⑾⑬⑩⑵	ringed
⑾⑬⑩⒌	ringer
⑾⑬⑩⑹	rings
⑾⑬⑩③	rink
⑾⑬⑿⑥	rinse
⑾⒂⑯②	riot
⒈⒂①⒀	rip
⑾⒂①⒌	riper
⑾⑬①②	ripped
⑾⑬①⑥	rips
⑾⒂⑹⒌	riser
⑾⑬⑥③	risk
⑾⒂⑷⑵	rived
⑾⑬⑷⒌	river
⑾⒂⑷⑹	rives
⑾⒄⑵⑹	roads
⑾⒄⑫⑵	roamed
⑾⒄⑫⑹	roams
⑾⒄⑿⑹	roans
⑾⒉⑬⑩	roaring
⑾⒄⑥②	roast
⑾⑰⑴⑵	robbed
⑾⑰⑴⒌	robber
⑾⒄⑴⑵	robed
⑾⒄⑴⑹	robes
⑾⑰⑴⑹	robs
⑾⑰③②	rocked
⑾⑰③⒌	rocker
⑾⑰③⑥	rocks
⑾⑰③⑬	rocky
⑾⑰⑵⑹	rods
⑾⑰⑻⒌	roger
⑾⒄⑶⑹	rogues
⑾⒄⑪⑹	roles
⑾⒄⑪⑵	rolled
⑾⒄⑪⒌	roller
⑾⑰⑫①	romp
⑾⒅⑵⑹	roods
⑾⒅④②	roofed
⑾⒅④⑥	roofs
⑾⑱③②	rooked
⑾⑱③⑬	rookie
⑾⑱③⑥	rooks
⑾⒅⑫⑵	roomed
⑾⒅⑫⒌	rumour
⑾⒅⑫⑹	rooms
⑾⒅⑫⑬	roomy
⑾⒅⑥②	roost
⑾⒅②⑥	roots
⑾⒄①②	roped
⑾⒄①⑥	ropes
⑾⒄①⑬	ropey
⑾⒄⑹⑬	rosy
⑾⒄②⑯	rota
⑾⒄②⒌	rotor
⑾⑰②⑥	rots
⑾⑰②⒌	rotter
⑾⒅⒁⑹	roues
⑾⒅⑺⑵	rouged
⑾⒃④②	roughed
⑾⒃④⒌	rougher
⑾⒃④⑥	roughs
⑾⑲⑿⑵	round
⑾⑲⑹⑵	roused
⑾⑲②⑥	routs
⑾⒄⑷⑵	roved
⑾⒄⑷⒌	rover
⑾⒄⑷⑹	roves
⑾⒄⑯⑿	rowan
⑾⑲⑵⑬	rowdy
⑾⑲⑯⑪	rowel
⑾⒄⒌⑹	rowers
⑾⑲⑬⑩	rowing
⑾⒄⑬⑩	rowing
⑾⒆⑯⑪	royal
⑾⒃⑴⑵	rubbed
⑾⒃⑴⒌	rubber
⑾⒃⑴⑹	rubs
⑾⒅⑴⑬	ruby
⑾⒃③②	rucked
⑾⒃③⑥	rucks
⑾⒃⑵⒌	rudder
⑾⒃⑵⑬	ruddy
⑾⒅⑵⒌	ruder
⑾⒃⑶⒌	rugger
⑾⒃⑶⑹	rugs
⑾⒅⑬⑿	ruin
⑾⒅⑬⑩	ruing
⑾⒅⑪⑵	ruled
⑾⒅⑪⒌	ruler
⑾⒅⑪⑹	rules
⑾⒃⑫⒌	rummer
⑾⒃⑫⑬	rummy
⑾⒃⑫①	rump
⑾⒅⑿⑹	runes
⑾⒃⑩⑹	rungs
⑾⒃⑿⒌	runner
⑾⒃⑿⑬	runny
⑾⒃⑿⑹	runs
⑾⒃⑿②	runt
⑾⒅①⒀	rupee
⑾⒅①⒎	rupiah
⑾⒃⑦②	rushed
⑾⒃⑦⑬	rushy
⑾⒃⑥③	rusk
⑾⒃⑥②	rust
⑾⒃②⑥	ruts
⑭⑥⑯⑹	s's
⑥⑮⑴⒄	sabot
⑥⒁⑴⒌	sabre
⑥⑮⑦⒁	sachet
⑥⑮③②	sacked
⑥⑮③⑥	sacks
⑥⑮⑵⒌	sadder
⑥⑳⑵⒅	sadhu
⑭⑥⒁⒀	sae
⑥⒁④⒌	safer
⑥⒁④⑥	safes
⑥⑳⑶⑯	saga
⑥⑮⑶⑵	sagged
⑥⒁⑶⒄	sago
⑥⑮⑶⑹	sags
⑥⒁⑪⑵	sailed
⑥⒁⑪⒌	sailor
⑥⒁⑪⑹	sales
⑥⒁⑿②	saint
⑥⑳③⑬	sake
⑥⒁③⑥	sakes
⑥⑮⑪⒄	sallow
⑥⑮⑪⑬	sally
⑥⒇⑪②	salt
⑥⑮⑪⑷	salve
⑥⑮⑿⑵	sand
⑥⒁⑿⒌	saner
⑥⑮⑩③	sank
⑥⑮⑿⑹	sans
⑥⑮①②	sapped
⑥⑮①⒌	sapper
⑥⑮①⑬	sappy
⑥⑮①⑥	saps
⑥⒈⑬⑹	saris
⑥⒌⑰⑩	sarong
⑥⒁②⑥	sates
⑥⑮②⒌	satyr
⑥⒇⑥②	sauced
⑥⒇⑥⒌	saucer
⑥⒇⑥⑬	saucy
⑥⒇⑿⑯	sauna
⑥⒉⒎⑿	saurian
⑥⒇②⒁	saute
⑥⒁⑷⑵	saved
⑥⒁⑷⒌	savour
⑥⒁⑷⑹	saves
⑥⑯⑷⒆	savoy
⑥⑮⑷⑬	savvy
⑥⒇⑬⑩	sawing
⑥⒇⑨⒌	sawyer
⑥⒁⑬⑩	saying
⑥③⑮⑴	scab
⑥③⒁⑪	scale
⑥③⑮⑿	scan
⑥③⒊⑥	scarce
⑥③⒊⑵	scared
⑥③⒊⑹	scares
⑥③⒈④	scarf
⑥③⒈①	scarp
⑥③⒈⑵	scarred
⑥③⒈⑹	scars
⑥③⒊⑬	scary
⑥③⑮②	scat
⑥⒀⑿⑹	scenes
⑥③⒀⑫	scheme
⑦⑬⑥②	schist
⑥③⒅⑪	school
⑦⑼⑳⑹	schwas
⑥⒂⑯⑿	scion
⑥③⑰④	scoff
⑥③⑰⑿	scone
⑥③⒅①	scoop
⑥③⒅②	scoot
⑥③⒄①	scope
⑥③⒉⑧	scorch
⑥③⒉⑵	scored
⑥③⒉⒌	scorer
⑥③⒉⑹	scores
⑥③⒉⑿	scorn
⑥③⑰②	scot
⑥③⑰⑧	scotch
⑥③⑲⒌	scour
⑥③⒋⑻	scourge
⑥③⑲②	scout
⑥③⑲⑪	scowl
⑥③⑲⑹	scows
⑥③⑾⒀	scree
⑥③⑾⒅	screw
⑥③⒃⑵	scud
⑥③⒃④	scuff
⑥③⒃⑪	skull
⑥③⒃⑫	scum
⑥③⒋④	scurf
⑥③⒃②	scut
⑥⑬⑪⑯	scylla
⑥⒂⑸⑵	scythed
⑥⒂⑸⑹	scythes
⑥⒀⑪⑵	sealed
⑥⒀⑪⒌	sealer
⑥⒀⑪⑹	seals
⑥⒀⑫⑵	seemed
⑥⒀⑫⑹	seems
⑥⒀⑫⑬	seamy
⑥⒋⑧②	searched
⑥⒋⑧⒌	searcher
⑥⒍⑬⑩	searing
⑥⒀⑦⒉	seashore
⑥⒀②⑥	seats
⑥⒀⑼⒁	seaway
⑥⑭③⑥	sex
⑥⑭③②	sect
⑥⑭⑻⑬	sedgy
⑥⒀⑵⑬	seedy
⑥⒀⑬⑩	seeing
⑥⒀③⒌	seeker
⑥⒀③⑥	seeks
⑥⒀①②	seeped
⑥⒀①⑥	seeps
⑥⒀⒌⑹	seers
⑥⒀⑥⒇	seesaw
⑥⒀⑸⑵	seethed
⑥⒀⑸⑹	seethes
⑥⒁⑿⑵	seined
⑥⒁⑿⑹	seines
⑥⒀⑹⑵	seized
⑥⒀⑺⒌	seizure
⑥⑭⑪④	self
⑥⑭⑿⑵	send
⑥⒀⑿⒍	senior
⑥⑭⑿⑯	senna
⑥⑭⑿⑥	sense
⑥⒀①⒎	sepia
⑥⒌⒀⑿	serene
⑥⒋④⑥	serfs
⑥⒍⒀⑹	series
⑥⒍⒎⑥	serious
⑥⒍⑯⑥	serous
⑥⒍⑯⑫	serum
⑥⒋⑷⑵	served
⑥⒋⑷⒌	server
⑥⒋⑷⑹	serves
⑥⑭②⑥	sets
⑥⑭②⒀	settee
⑥⑭②⒌	setter
⑥⑭⑷⒌	sever
⑥⑬⑷⒍	severe
⑥⒅⑬⑻	sewage
⑥⑱⒌⑹	sewers
⑥⒄⒌⑹	sewers
⑥⒄⑬⑩	sewing
⑥⒂⑿⑵	signed
⑦⑮⑴⑬	shabby
⑦⑮③②	shacked
⑦⑮③⑥	shacks
⑦⒁⑵⑹	shades
⑦⑮⑵⒄	shadow
⑦⒁⑵⑬	shady
⑦⑳④②	shaft
⑦⑮⑶⑵	shagged
⑦⑮⑶⑬	shaggy
⑦⑮⑶⑹	shags
⑦⒁③⒌	shaker
⑦⒁③⑥	shakes
⑦⒁③⑬	shaky
⑦⒁⑪⑹	shales
⑦⑮⑪⒄	shallow
⑦⑮⑪②	shalt
⑦⒁⑫⑵	shamed
⑦⒁⑫⑹	shames
⑦⑮⑫⑵	shammed
⑦⑮⑫⑬	shammy
⑦⑮⑫⑹	shams
⑦⑳⑿②	shan't
⑦⑮⑩③	shank
⑦⒁①②	shaped
⑦⒁①⑥	shapes
⑦⒈⑵⑹	shards
⑦⒊⒌⑹	sharers
⑦⒊⑬⑩	sharing
⑦⒈③⑥	sharks
⑦⒈①⒌	sharper
⑦⒈①⑥	sharps
⑦⑮②⒌	shatter
⑦⒁⑷⑵	shaved
⑦⒁⑷⒌	shaver
⑦⒁⑷⑹	shaves
⑦⒇⑪⑵	shawled
⑦⒇⑪⑹	shawls
⑦⒇⑫⑹	shawms
⑦⒍⑬⑩	shearing
⑦⒀⑸⑵	sheathed
⑦⒀⑸⑹	sheaths
⑦⒀⑷⑹	sheaves
⑦⑭⑵⑹	sheds
⑦⒀①⑥	sheeps
⑦⒍⑪⑬	sheerly
⑦⒀②⑥	sheets
⑦⑭⑪④	shelf
⑦⑭⑪⑵	shelled
⑦⑭⑪⑹	shells
⑦⑭⑪⑷	shelve
⑦⑭⑾⑬	sherry
⑦⒄⑬⑩	showing
⑦⒀⑪⑵	shield
⑦⑬④②	shift
⑦⑬⑫⒌	shimmer
⑦⒂⑿⑹	shines
⑦⑬⑿⑵	shinned
⑦⑬⑿⑹	shins
⑦⒂⑿⑬	shiny
⑦⑬①②	shipped
⑦⑬①⒌	shipper
⑦⑬①⑥	ships
⑦⒂⒌⑹	shires
⑦⒋③②	shirked
⑦⒋③⒌	shirker
⑦⒋③⑥	shirks
⑦⒋②⑥	shirts
⑦⒋②⑬	shirty
⑦⑬②⑥	shits
⑦⑬⑷⒌	shiver
⑦⒄⑪⑵	shoaled
⑦⒄⑪⑹	shoals
⑦⑰③②	shocked
⑦⑰③⒌	shocker
⑦⑰③⑥	shocks
⑦⑰⑵⑬	shoddy
⑦⒅⑬⑩	shoeing
⑦⒅②⒌	shooter
⑦⑰①②	shopped
⑦⑰①⒌	shopper
⑦⑰①⑥	shops
⑦⒉⑬⑩	shoring
⑦⒉②⒌	shorter
⑦⒉②⑥	shorts
⑦⑰②⑥	shots
⑦⑲②⑥	shouts
⑦⒃⑷⑵	shoved
⑦⒃⑷⑹	shoves
⑦⑲⒌⑵	showered
⑦⑲⒌⑹	showers
⑦⑲⒌⑬	showery
⑦⒄⑬⒌	showier
⑦⑾⑭⑵	shred
⑦⑾⒅⑵	shrewd
⑦⑾⒅⑹	shrews
⑦⑾⒀③	shriek
⑦⑾⒂③	shrike
⑦⑾⑬⑪	shrill
⑦⑾⒂⑿	shrine
⑦⑾⒂⑷	shrive
⑦⑾⑲⑵	shroud
⑦⑾⒄⑷	shrove
⑦⑾⒃⑴	shrub
⑦⑾⒃⑶	shrug
⑦⒃③②	shucked
⑦⒃③⑥	shucks
⑦⒃⑵⒌	shudder
⑦⒃⑿⑵	shunned
⑦⒃⑿⑹	shuns
⑦⒃⑿②	shunt
⑦⑱⑦②	shushed
⑦⒃②⒂	shuteye
⑦⒃②⑥	shuts
⑦⒃②⒌	shutter
⑦⒂⑬⑩	shying
⑦⒂⑪⑬	shyly
⑥⑬③②	sicked
⑥⑬③⑥	six
⑥⒂⑵⑹	sides
⑥⑬⒊⑯	sierra
⑥⑬⑷⑵	sieved
⑥⑬⑷⑹	sieves
⑥⑬④②	sift
⑥⒂⑬⑩	sighing
⑥⒂⑿⑹	signs
⑥⑬⑪③	silk
⑥⑬⑪⑹	sills
⑥⑬⑪⑬	silly
⑥⒂⑪⒄	silo
⑥⑬⑪②	silt
⑥⑬⑫⒌	simmer
⑥⑬⑿⑥	since
⑥⑬⑿⒏	sinew
⑥⑬⑿⑻	singe
⑥⑬⑩⒌	singer
⑥⑬⑩⑹	sings
⑥⑬⑩③	sink
⑥⑬⑿⑵	sinned
⑥⑬⑿⒌	sinner
⑥⑬⑿⑹	sins
⑥⑬①②	sipped
⑥⑬①⑥	sips
⑥⒋⑵⒈	sirdar
⑥⒂⒌⑵	sired
⑥⒂⒌⑹	sires
⑥⑬⑾⑯	sirrah
⑥⑬②⒈	sitar
⑥⑬②⑥	sits
⑥⑬②⒌	sitter
⑥⒂⑹⑵	sized
⑥③⒁②	skate
⑥③⒀②	skeet
⑥③⒁⑿	skein
⑥③⑭①	skep
⑥③⑭⑧	sketch
⑥③⒏⑵	skewed
⑥③⒀⑵	skied
⑥③⑬⑵	skid
⑥③⒀⒌	skier
⑥③⒂⑹	skies
⑥③⑬④	skiff
⑥③⑬⑪	skill
⑥③⑬⑫	skim
⑥③⑬⑿	skin
⑥③⑬①	skip
⑥③⒋⑪	skirl
⑥③⒋②	skirt
⑥③⒀⑹	skis
⑥③⑬②	skit
⑥③⒏⑯	skua
⑥③⒂⑬	skyey
⑥⑪⑮⑴	slab
⑥⑪⑮③	slack
⑥⑪⑮⑶	slag
⑥⑪⒁⑿	slain
⑥⑪⒁③	slake
⑥⑪⑮⑫	slam
⑥⑪⑮⑩	slang
⑥⑪⑮①	slap
⑥⑪⑮⑦	slash
⑥⑪⑮②	slat
⑥⑪⒁②	slate
⑥⑪⑳⑷	slav
⑥⑪⒁⑷	slave
⑥⑪⒁⒌	slayer
⑥⑪⒁⑹	slays
⑥⑪⑭⑵	sled
⑥⑪⑭⑻	sledge
⑥⑪⒀③	sleek
⑥⑪⒀①	sleep
⑥⑪⒀②	sleet
⑥⑪⒀⑷	sleeve
⑥⑪⒁⑵	sleighed
⑥⑪⒂②	slight
⑥⑪⒅⑤	sleuth
⑥⑪⒅⑵	slewed
⑥⑪⒅⑹	slews
⑥⑪⒂⑥	slice
⑥⑪⑬③	slick
⑥⑪⑬⑵	slid
⑥⑪⒂⑵	slide
⑥⑪⑬⑫	slim
⑥⑪⒂⑫	slime
⑥⑪⑬⑩	sling
⑥⑪⑬①	slip
⑥⑪⑬②	slit
⑥⑪⑰⑴	slob
⑥⑪⒄⑹	slows
⑥⑪⑰⑶	slog
⑥⑪⒅①	sloop
⑥⑪⑰①	slop
⑥⑪⒄①	slope
⑥⑪⑰⑦	slosh
⑥⑪⑰②	slot
⑥⑪⒄⑤	sloth
⑥⑪⑲⑧	slouch
⑥⑪⒃④	slough
⑥⑪⑲⑹	sloughs
⑥⑪⒄⑵	slowed
⑥⑪⒄⒌	slower
⑥⑪⒃⑻	sludge
⑥⑪⒃⑶	slug
⑥⑪⒅⑥	sluice
⑥⑪⒃⑫	slum
⑥⑪⒃⑩	slung
⑥⑪⒋⑵	slurred
⑥⑪⒋⑹	slurs
⑥⑪⒃⑦	slush
⑥⑪⒃②	slut
⑥⑪⒂⒌	slyer
⑥⑫⑮③	smack
⑥⑫⒇⑪	small
⑥⑫⒈②	smart
⑥⑫⑮⑦	smash
⑥⑫⒍⑵	smeared
⑥⑫⒍⑹	smears
⑥⑫⑭⑪	smell
⑥⑫⒂⑪	smile
⑥⑫⒋⑧	smirch
⑥⑫⒋③	smirk
⑥⑫⒂②	smite
⑥⑫⑬⑤	smith
⑥⑫⑰③	smock
⑥⑫⑰⑶	smog
⑥⑫⒄③	smoke
⑥⑫⒅⑸	smooth
⑥⑫⒄②	smote
⑥⑫⒃⑻	smudge
⑥⑫⒃⑶	smug
⑥⑫⒃②	smut
⑥⑿⑮③	snack
⑥⑿⑮⑶	snag
⑥⑿⒁⑪	snail
⑥⑿⒁③	snake
⑥⑿⑮①	snap
⑥⑿⒊⑵	snared
⑥⑿⒊⑹	snares
⑥⑿⒈⑪	snarl
⑥⑿⑮⑧	snatch
⑥⑿⒀③	sneak
⑥⑿⒍⑵	sneered
⑥⑿⒍⑹	sneers
⑥⑿⒀⑹	sneeze
⑥⑿⑬③	snick
⑥⑿⒂⑵	snide
⑥⑿⑬④	sniff
⑥⑿⑬①	snip
⑥⑿⒂①	snipe
⑥⑿⑬⑧	snitch
⑥⑿⑰⑴	snob
⑥⑿⑰⑶	snog
⑥⑿⒅⑵	snood
⑥⑿⒅③	snook
⑥⑿⒅①	snoop
⑥⑿⒅⑹	snooze
⑥⑿⒉⑵	snored
⑥⑿⒉⒌	snorer
⑥⑿⒉⑹	snores
⑥⑿⒉②	snort
⑥⑿⑰②	snot
⑥⑿⑲②	snout
⑥⑿⒄⑵	snowed
⑥⑿⒄⑹	snows
⑥⑿⒄⑬	snowy
⑥⑿⒃⑴	snub
⑥⑿⒃③	snuck
⑥⑿⒃④	snuff
⑥⑿⒃⑶	snug
⑥⒄③②	soaked
⑥⒄③⒌	soaker
⑥⒄③⑥	soaks
⑥⒄①②	soaped
⑥⒄①⑥	soaps
⑥⒄①⑬	soapy
⑥⒉⑬⑩	soaring
⑥⑰⑴⑵	sobbed
⑥⒄⑴⒌	sober
⑥⑰⑴⑹	sobs
⑥⑰③⒌	soccer
⑥⑰③②	socked
⑥⑰③⑥	socks
⑥⒄⑵⑯	soda
⑥⑰⑵⑹	sods
⑥⒄④⑯	sofa
⑥⑰④②	soft
⑥⑰⑶⑬	soggy
⑥⒆⑪⑵	soiled
⑥⒆⑪⑹	soils
⑥⑼⒈⒁	soiree
⑥⒄⑪⒌	solar
⑥⒄⑪⑵	sold
⑥⒄⑪⑹	souls
⑥⒄⑪⒄	solo
⑥⑰⑪⑷	solve
⑥⒄⑿⒈	sonar
⑥⑰⑩⑹	songs
⑥⒃⑿⑬	sunny
⑥⒃⑿⑹	sons
⑥⒅⑿⒌	sooner
⑥⒅⑸⑵	soothed
⑥⒅⑸⑹	soothes
⑥⒅⑤⑥	sooths
⑥⑱②⑥	soots
⑥⑱②⑬	sooty
⑥⑰①②	sopped
⑥⑰①⑬	soppy
⑥⑰①⑥	sops
⑥⒉⑴⒁	sorbet
⑥⒉⑪⑬	sorely
⑥⑰⑾⒄	sorrow
⑥⑰⑾⑬	sorry
⑥⒉②⒌	sorter
⑥⒉②⑬	sortie
⑥⒉②⑥	sorts
⑥⒅②⒅	sotho
⑥⑰②⑥	sots
⑥⒃④②	soughed
⑥⒃④⑥	soughs
⑥⑲⑿⑵	sound
⑥⒅①②	souped
⑥⒅①⑥	soups
⑥⑲⒌⑵	soured
⑥⑲⒌⑹	sours
⑥⑲⑥②	soused
⑥①⒁⑥	space
⑥①⒁⑵	spade
⑥①⒁③	spake
⑥①⑮⑫	spam
⑥①⑮⑿	span
⑥①⒊⑵	spared
⑥①⒊⑹	spares
⑥①⒈③	spark
⑥①⒈⑵	sparred
⑥①⒈⑹	spars
⑥①⒈⑥	sparse
⑥①⑳⑹	spas
⑥①⑮②	spat
⑥①⒁②	spate
⑥①⒇⑿	spawn
⑥①⒁⑹	spays
⑥①⑮⑹	spaz
⑥①⒀③	speak
⑥①⒍⑵	speared
⑥①⒍⑹	spears
⑥①⑭③	speck
⑥①⑭⑵	sped
⑥①⒀⑧	speech
⑥①⒀⑵	speed
⑥①⑭⑪	spell
⑥①⒋⑫	sperm
⑥①⒏⑵	spewed
⑥①⒏⑹	spews
⑥④⒍⑹	spheres
⑥①⒂⑥	spice
⑥①⑬③	spick
⑥①⒂⑵	spied
⑦①⒀⑪	spiel
⑥①⒂⑹	spies
⑥①⒂③	spike
⑥①⑬⑪	spill
⑥①⑬⑿	spin
⑥①⒂⑿	spine
⑥①⒂⒌	spire
⑥①⒋②	spurt
⑥①⑬②	spit
⑥①⒂②	spite
⑥①⑬⑷	spiv
⑥①⑪⒁	splay
⑥①⒄⑵	spode
⑥①⒆⑪	spoil
⑥①⒄③	spoke
⑥①⒅④	spoof
⑥①⒅③	spook
⑥①⒅⑪	spool
⑥①⒅⑿	spoon
⑥①⑱⒌	spoor
⑥①⒉⑹	spores
⑥①⒉③	spork
⑥①⒉②	sport
⑥①⑰②	spot
⑥①⑲⑥	spouse
⑥①⑲②	spout
⑥①⑾⒁	spray
⑥①⑾⒀	spree
⑥①⑾⒂	spry
⑥①⒃⑵	spud
⑥①⒏⑫	spume
⑥①⒃⑿	spun
⑥①⒋⑿	spurn
⑥①⒋⑵	spurred
⑥①⒋⑹	spurs
⑥③⑼⒊	square
⑥③⑼⒇	squaw
⑥②⑮⑴	stab
⑥②⑮③	stack
⑥②⑳④	staff
⑥②⑮⑶	stag
⑥②⒁⑻	stage
⑥②⒁⑵	stayed
⑥②⒁⑿	stain
⑥②⒊⑹	stairs
⑥②⒁③	stake
⑥②⒁⑪	stale
⑥②⒇③	stalk
⑥②⒇⑪	stall
⑥②⑮①	stap
⑥②⒈⑧	starch
⑥②⒊⑵	stared
⑥②⒈③	stark
⑥②⒈⑵	starred
⑥②⒈⑬	starry
⑥②⒈⑹	stars
⑥②⒈②	start
⑥②⒈⑷	starve
⑥②⑮⑦	stash
⑥②⒁②	state
⑥②⒁⑷	stave
⑥②⒁⒌	stayer
⑥②⒁⑹	stays
⑥②⑭⑵	stead
⑥②⒀⑪	steel
⑥②⒀⑫	steam
⑥②⒀⑵	steed
⑥②⒀①	steep
⑥②⒍⑵	steered
⑥②⒍⑹	steers
⑥②⑭⑫	stem
⑥②⑭①	step
⑥②⒋⑿	stern
⑥②⑭②	stet
⑥②⒏⑵	stewed
⑥②⒏⑹	stews
⑥②⑬③	stick
⑥②⒂⑹	sties
⑥②⑬④	stiff
⑥②⒂⑪	style
⑥②⑬⑪	still
⑥②⑬⑩	sting
⑥②⒋⑵	stirred
⑥②⒋⑹	stirs
⑥②⑬⑧	stitch
⑥②⒄②	stoat
⑥②⑰③	stock
⑥②⑰⑻	stodge
⑥②⑱①	stoep
⑥②⒄③	stoke
⑥②⒄⑪	stole
⑥②⒄⑿	stone
⑥②⑱⑵	stood
⑥②⒅⑻	stooge
⑥②⒅⑪	stool
⑥②⒅①	stoop
⑥②⑰①	stop
⑥②⒉⑵	stored
⑥②⒉⑹	stores
⑥②⒉⑬	story
⑥②⒉③	stork
⑥②⒉⑫	storm
⑥②⑲②	stout
⑥②⒄⑷	stove
⑥②⒄⑵	stowed
⑥②⒄⑹	stows
⑥②⑾⒇	straw
⑥②⑾⒁	stray
⑥②⑾⒅	strew
⑥②⒃⑴	stub
⑥②⒃③	stuck
⑥②⒃⑵	stud
⑥②⒃④	stuff
⑥②⒃⑿	stun
⑥②⒃⑩	stung
⑥⑼⑳⑷	suave
⑥⒃⑴⑵	subbed
⑥⒃⑴⑹	subs
⑥⒃③⒌	sucker
⑥⒃③②	sucked
⑥⒃③⑥	sucks
⑥⒃⑵⑹	suds
⑥⑼⒁⑵	suede
⑥⒅⑯②	suet
⑥⒃④⒌	suffer
⑥⒅④⑬	sufi
⑦⑱⑶⒌	sugar
⑥⒅⑬⑩	suing
⑥⑼⒀②	sweet
⑥⒅②⒌	suitor
⑥⒅②⑥	suits
⑥⒃⑪③	sulk
⑥⒃⑪⑬	sully
⑥⒃⑫⑵	summed
⑥⒃⑫⒌	summer
⑥⒃⑫①	sump
⑥⒃⑫⑹	sums
⑥⒃⑩③	sunk
⑥⒃⑿⑵	sunned
⑥⒅①⒌	super
⑥⒃①②	supped
⑥⒃①⒌	supper
⑥⒃①⑥	sups
⑥⒋⑵⑹	surds
⑦⑱⒌⒌	surer
⑥⒋⑻⑵	surged
⑥⒋⑪⑬	surly
⑥⒋⑷⒁	survey
⑥⒌⑷⒁	survey
⑥⒃⑥②	sussed
⑥⒃②⒀	suttee
⑥⒅⑧⒌	suture
⑥⑼⑰⑴	swab
⑥⑼⑮⑶	swag
⑥⑼⒁⑿	swain
⑥⑼⑮⑫	swam
⑥⑼⑰⑿	swan
⑥⑼⑰①	swap
⑥⑼⒉⑵	sward
⑥⑼⒉⑫	swarm
⑥⑼⑰②	swot
⑥⑼⑰⑤	swath
⑥⑼⒁⑸	swathe
⑥⑼⒁⑹	sways
⑥⑼⒊⒌	swearer
⑥⑼⒊⑹	swears
⑥⑼⑭②	sweat
⑥⑼⒀⑵	swede
⑥⑼⒀①	sweep
⑥⑼⑭⑪	swell
⑥⑼⒋⑷	swerve
⑥⑼⑬⑶	swig
⑥⑼⑬⑪	swill
⑥⑼⑬⑫	swim
⑥⑼⒂⑿	swine
⑥⑼⑬⑩	swing
⑥⑼⒂①	swipe
⑥⑼⒋⑪	swirl
⑥⑼⑬⑦	swish
⑥⑼⑬⑥	swiss
⑥⑼⑬⑧	switch
⑥⑼⑬⑹	swiz
⑥⑼⒄⑪	swole
⑥⑼⒅⑿	swoon
⑥⑼⒅①	swoop
⑥⒉⑵⑹	swords
⑥⑼⒉⑿	sworn
⑥⑼⒃⑫	swum
⑥⑼⒃⑩	swung
⑥⑬⑪④	sylph
②⑮⑴⑬	tabby
②⑯⑴⒅	taboo
②⒁⑴⒌	tabor
②⑮⑴⑹	tabs
②⑮③②	tact
②⑮③⑥	tax
②⑮③⑬	tacky
②⑮④⑬	taffy
②⑮⑶⑵	tagged
②⑮⑶⑹	tags
②⒁⑪⑵	tailed
②⒁⑪⒌	tailor
②⒁⑪⑹	tales
②⒁⑿②	taint
②⒁③⒌	taker
②⒁③⑥	takes
②⑮⑪③	talc
②⒇③②	talked
②⒇③⒌	talker
②⒇③⑬	talkie
②⒇③⑥	talks
②⒇⑪⒌	taller
②⑮⑪⒄	tallow
②⒇⑪⑹	talls
②⑮⑪⑬	tally
②⒁⑫⑵	tamed
②⒁⑫⒌	tamer
②⒁⑫⑹	tames
②⑮⑫⑬	tammy
②⑮⑫①	tamp
②⑮⑩⑹	tangs
②⑮⑩⑬	tangy
②⑮⑩③	tank
②⑮⑿⑵	tanned
②⑮⑿⒌	tanner
②⑮⑿⒆	tannoy
②⑮⑿⑹	tans
②⒁①②	taped
②⒁①⒌	taper
②⒁①⑥	tapes
②⑮①②	tapped
②⑮①⑥	taps
②⒈⑵⑬	tardy
②⒈⑿⑹	tarns
②⒈⒄⑹	taros
②⒈⑬⑩	tarring
②⑮⑾⑬	tarry
②⒈⑥⒂	tarsi
②⒈②⒌	tartar
②⒈②⑥	tarts
②⑳⑥③	task
②⒁⑥②	taste
②⑮②⑥	tats
②⑮②⒌	tatter
②⑮②⒅	tattoo
②⑮②⑬	tatty
②⒇⑿②	taunt
②⒇②⒌	tauter
②⒇⑿⑬	tawny
②⒀⑴⒀	tb
②⒀⑧⒌	teacher
②⒀⑫⑵	teamed
②⒀⑫⑹	teams
②⒊⑬⑩	tearing
②⒀⑹⑵	teased
②⒀⑹⒌	teaser
②⒀②⑥	teats
②⑭③⑥	tecs
②⑭⑧⑬	tetchy
②⑭⑵⑬	teddy
②⑭⑵⑹	teds
②⒀⑬⑩	teeing
②⒀⑿⑹	teens
②⒀⑿⑬	teeny
②⒀②⒌	teeter
②⒀⑸⑵	teethed
②⒀⑸⑹	teethes
②⑭⑶⑹	tegs
②⑭⑪⒌	teller
②⑭⑪⑹	tells
②⑭⑪⑬	telly
②⑭⑫①	temp
②⑭⑿⑧	tench
②⑭⑿⑵	tend
②⑭⑿⒌	tenor
②⑭⑿⑹	tens
②⑭⑿⑥	tense
②⑭⑿②	tent
②⑭⑿⑤	tenth
②⒀①⒀	tepee
②⒋⑫⑵	termed
②⒋⑫⑹	terms
②⒋⑿⑹	turns
②⒌⒁⑿	terrain
②⑭⑾⒍	terrier
②⑭⑾⒌	terror
②⒋⑥⒌	terser
②⑭⑥②	test
②⑭⑸⒌	tether
⑤⒁⑿⑹	thanes
⑤⑮⑩③	thank
⑸⑮②⑥	that's
⑤⑮⑧②	thatched
⑤⑮⑧⒌	thatcher
⑤⒇⑬⑩	thawing
⑤⒎②⒌	theatre
⑤⑭④②	theft
⑤⒀⑫⑹	themes
⑸⑭⑿⑥	thence
⑤⒍⑯⑫	theorem
⑤⒍⑬⑹	theories
⑤⒍⒂⑹	theorise
⑸⒊⑴⒂	thereby
⑸⒊④⒉	therefore
⑸⒊⑬⑿	therein
⑸⒊⑰⑷	thereof
⑸⒊⑰⑿	thereon
⑸⒊②⒅	thereto
⑤⒋⑫⑹	therms
⑤⒀②⑯	theta
⑤⑬③⒌	thicker
⑤⒀⑷⑵	thieved
⑤⒀⑷⑹	thieves
⑤⑬⑩⑹	things
⑤⑬⑩③	think
⑤⑬⑿⑵	thinned
⑤⑬⑿⒌	thinner
⑤⑬⑿⑹	thins
⑤⒋⑵⑹	thirds
⑤⒋⑥②	thirst
⑤⒋②⑬	thirty
⑸⑬⑸⒌	thither
⑤⒄⑪⑹	tholes
⑤⑰⑩⑹	thongs
⑤⒉⑿⑵	thorned
⑤⒉⑿⑹	thorns
⑤⒉⑿⑬	thorny
⑤⒃⑾⑯	thorough
⑤⒇②⑥	thoughts
⑤⑾⒇⑪	thrall
⑤⑾⑮⑦	thrash
⑤⑾⑭⑵	thread
⑤⑾⑭②	threat
⑤⑾⒀⑹	threes
⑤⑾⑭⑦	thresh
⑤⑾⒂⑥	thrice
⑤⑾⑬⑪	thrill
⑤⑾⒂⑷	thrive
⑤⑾⒄②	throat
⑤⑾⑰⑴	throb
⑤⑾⒄⑹	throws
⑤⑾⒄⑿	thrown
⑤⑾⑰⑩	throng
⑤⑾⒄⑷	throve
⑤⑾⒄⒌	thrower
⑤⑾⒃⑫	thrum
⑤⑾⒃⑦	thrush
⑤⒃⑵⑹	thuds
⑤⒃⑶⑹	thugs
⑤⒃⑫⑵	thumbed
⑤⒃⑫⑹	thumbs
⑤⒃⑫①	thump
⑤⑼⑮③	thwack
⑤⑼⒉②	thwart
②⑬⒈⑯	tiara
②⑬⑴⒎	tibia
②⑬③②	ticked
②⑬③⒌	ticker
②⑬③⑥	ticks
②⒂⑵⑹	tides
②⒂⑵⑬	tidy
②⑬④⑥	tiffs
②⒂⑶⒌	tiger
②⒂②⒌	tighter
②⒂②⑥	tights
②⒂③⑥	tykes
②⑬⑪⑵	tilled
②⒂⑪⑵	tiled
②⒂⑪⑹	tiles
②⑬⑪⒌	tiller
②⑬⑪⑹	tills
②⑬⑪②	tilt
②⑬⑪⑤	tilth
②⒂⑫⑵	timed
②⒂⑫⒌	timer
②⒂⑫⑹	times
②⒂⑿⑵	tined
②⒂⑿⑹	tines
②⑬⑿⑻	tinge
②⑬⑩⑵	tinged
②⑬⑩⑹	tings
②⑬⑿⑵	tinned
②⑬⑿⑬	tinny
②⑬⑿⑹	tins
②⑬⑿②	tint
②⒂⑿⑬	tiny
②⑬①②	tipped
②⑬①⑥	tips
②⒂⒌⑵	tired
②⒂⒌⑹	tyres
②⒂⑾⒄	tyro
②⑬⑦⒅	tissue
②⒂⑸⑹	tithes
②⑬②⑥	tits
②⑬②⒌	titter
②⑬⑹⑬	tizzy
②⑯⑵⒁	today
②⒄⑵⑹	toads
②⒄⑵⑬	toady
②⒄⑥②	toast
②⑰⑵⑬	toddy
②⒄⑬⑩	towing
②⑰④⑬	toffee
②⑰④⑥	toffs
②⒄⑶⑯	toga
②⑰⑶⑵	togged
②⑰⑶⑹	togs
②⒆⑪⑵	toiled
②⒆⑪⒌	toiler
②⒆⑪⑹	toils
②⒄③⒁	tokay
②⒄⑪⑵	told
②⒄⑪⑹	tolls
②⒅⑫⑹	tombs
②⒄⑫⑹	tomes
②⒄⑿⑵	toned
②⒄⑿⑹	tones
②⑰⑩⑹	tongs
②⒃⑩⑵	tongued
②⒃⑩⑹	tongues
②⒃⑿⑵	tonned
②⒃⑿⑹	tonnes
②⒅⑪⑵	tooled
②⒅⑪⑹	tools
②⒅⑤②	toothed
②⒅⑤⑬	toothy
②⒅②⑥	toots
②⒄①②	toped
②⒄①⒌	toper
②⒄①⑥	topes
②⒄①⑬	topi
②⑰①②	topped
②⑰①⒌	topper
②⑰①⑥	tops
②⒄③⑥	toques
②⒉⑬⑹	tories
②⒉①⒌	torpor
②⒉③②	torqued
②⒉③⑥	torques
②⒉⑥⒄	torso
②⒉②⑥	torts
②⒉⑧⒌	torture
②⒉⑯⑥	torus
②⑰⑥②	tossed
②⒄②⑥	totes
②⑰②⑥	tots
②⑰②⒌	totter
②⒅⑦⒁	touché
②⒃⑧②	touched
②⒃⑧⑬	touchy
②⒃④⒌	tougher
②⒃④⑬	toughie
②⒃④⑥	toughs
②⒅①⒁	toupee
②⑱⒌⑵	toured
②⒋⑿⑬	tourney
②⑱⒌⑹	tours
②⑲②⑥	touts
②⑲⑯⑪	towel
②⑲⒌⑵	towered
②⑲⒌⑹	towers
②⑲⑿⑬	townee
②⑲⑿⑹	towns
②⑲⑹⑬	towsy
②⒆⑬⑩	toying
②⑾⒁⑥	trace
②⑾⑮③	track
②⑾⑮⑵	trad
②⑾⒁⑵	trade
②⑾⒁⑪	trail
②⑾⒁⑿	train
②⑾⒁②	trait
②⑾⑮⑫	tram
②⑾⑮①	trap
②⑾⑮⑦	trash
②⑾⒇⑪	trawl
②⑾⒁⑹	trays
②⑾⑭⑵	tread
②⑾⒀②	treat
②⑾⒀⑵	treed
②⑾⒀⑹	trees
②⑾⑭③	trek
②⑾⑭⑥	tress
②⑾⒅⑹	trews
②⑾⒂⑴	tribe
②⑾⒂⑥	trice
②⑾⑬③	trick
②⑾⒂⑵	tried
②⑾⒂⒌	trier
②⑾⒂⑹	tries
②⑾⑬⑪	trill
②⑾⑬⑫	trim
②⑾⒀⒄	trio
②⑾⑬①	trip
②⑾⒂①	tripe
②⑾⒂②	trite
②⑾⑰⑵	trod
②⑾⒄⑪	troll
②⑾⒅①	troop
②⑾⒄①	trope
②⑾⑰②	trot
②⑾⒄⑤	troth
②⑾⑰④	trough
②⑾⑲②	trout
②⑾⒄⑷	trove
②⑾⒅⑥	truce
②⑾⒃③	truck
②⑾⒃⑻	trudge
②⑾⒅⑵	trued
②⑾⒅⒌	truer
②⑾⒃⑥	truss
②⑾⒅⑤	truth
②⒏⑴⑯	tuba
②⒃⑴⑬	tubby
②⒏⑴⒌	tuber
②⒏⑴⑹	tubes
②⒃⑴⑹	tubs
②⒃③②	tucked
②⒃③⒌	tucker
②⒃③⑥	tucks
②⒃④②	tuft
②⒃⑶⑵	tugged
②⒃⑶⑹	tugs
②⒃⑫⑬	tummy
②⒏⑫⒌	tumour
②⒏⑿⑯	tuna
②⒏⑿⑵	tuned
②⒏⑿⒌	tuner
②⒏⑿⑹	tunes
②⒃⑿⑬	tunny
②⒃①⑥	tups
②⒋⑵⑹	turds
②⒋④②	turfed
②⒋④⑥	turfs
②⒋③⑬	turkey
②⒋③⑥	turks
②⒋⑿⑵	turned
②⒋⑿⒌	turner
②⒋⑿②	turnt
②⒋①⑥	turps
②⒋⑷⑹	turves
②⒃⑥③	tusk
②⒏②⒌	tutor
②⒃②⑥	tuts
②⒅②⒅	tutu
②⒀⑷⒀	tv
②⑼⒁⑿	twain
②⑼⑮⑩	twang
②⑼⒀③	tweak
②⑼⒀⑵	tweed
②⑼⒀②	tweet
②⑼⒋③	twerk
②⑼⒋①	twerp
②⑼⒂⑥	twice
②⑼⑬⑶	twig
②⑼⑬⑿	twin
②⑼⒂⑿	twine
②⑼⒋⑪	twirl
②⑼⑬②	twit
②⑼⑬⑧	twitch
②⒂⑬⑩	tying
②⒂①②	typed
②⒂①⑥	types
⒃⑵⒌⑹	udders
⒏⑵⑬⒂	udi
⒏⑭④⒄	ufo
⒃⑶⑪⑬	ugly
⒏③⒁⑥	ukase
⒃⑪⑥⒌	ulcer
⒃⑪⑿⑯	ulna
⒃⑪⑿⒀	ulnae
⒃⑫⑴⒌	umber
⒅⑫⒁⑹	umes
⒃⑿⑴⒈	unbar
⒃⑩③⒄	unco
⒃⑿⑵⒌	under
⒃⑿⑵⒅	undo
⒃⑿⑵⒏	undue
⒃⑿⒋⑤	unearth
⒃⑿⒀⑹	unease
⒃⑿④⒊	unfair
⒏⑿⒎⑿	union
⒏⑿⒀③	unique
⒏⑿⑬②	unit
⒏⑿⒂②	unite
⒃⑿⑥⒇	unsaw
⒃⑿⑥⒁	unsay
⒃⑿⑥⒀	unsee
⒃⑿②⒂	untie
⒃⑿②⒅	unto
⑯①⑰⑿	upon
⒃①⒌⑹	uppers
⒃①⑬⑩	upping
⒃①⑬⑦	uppish
⒃①⑾⒉	uproar
⒋⑴⑯⑿	urban
⒋⑴⒁⑿	urbane
⒋⑧⑬⑿	urchin
⑱⒌⑵⒅	urdu
⒋⑻⑯⑹	urges
⒋⑻⑬⑩	urging
⒏⑥⑬⑻	usage
⒏⑹⒌⑹	users
⒏⑥⑯⑹	uses
⒏⑹⑯⑹	uses
⒃⑦⒌⑵	ushered
⒃⑦⒌⑹	ushers
⒏⑹⑬⑩	using
⒏⑺⒌⒌	usurer
⒏⑹⒋①	usurp
⒏⑺⒌⑬	usury
⒃②⒌⑵	uttered
⒃②⒌⑹	utters
⑷⑮③⑥	vacs
⑷⒁⑶⒌	vaguer
⑷⒁⑿⒌	vainer
⑷⒁⑪⑹	veils
⑷⑮⑪⒁	valet
⑷⑮⑪⑬	valley
⑷⑮⑪⒌	valour
⑷⑮⑪⒏	value
⑷⑮⑪⑷	valve
⑷⑮⑫①	vamp
⑷⒁⑿⑹	veins
⑷⑮⑿⑹	vans
⑷⒁①⒌	vapour
⑷⒊⑬⑵	varied
⑷⒊⑬⑹	varies
⑷⒊⒎⑥	various
⑷⑳⑥②	vast
⑷⑮②⑥	vats
⑷⒇⑪②	vault
⑷⒇⑿②	vaunt
⑷⒀⑥⒀	vc
⑷⒀⑵⒀	vd
⑷⒍⑬⑩	veering
⑷⒁⑪⑵	veiled
⑷⒁⑿⑵	veined
⑷⑭⑪②	veld
⑷⑭⑿⑵	vend
⑷⑯⑿⒍	veneer
⑷⑭⑿②	vent
⑷⑭⑿⒏	venue
⑷⒋⑴⑹	verbs
⑷⒋⑻⒌	verger
⑷⑭⑾⑬	very
⑷⒋⑻⑵	verged
⑷⒋⑥②	versed
⑷⒋⑥⒄	verso
⑷⑭⑥②	vest
⑷⒀②⒄	veto
⑷⑭②⑥	vets
⑷⑭③⑥	vex
⑷⒂⑯⑪	vial
⑷⒂⑴⑹	vibes
⑷⑬③⒌	vicar
⑷⒀⑵⒁	vide
⑷⒏⒌⑹	viewers
⑷⒏⑬⑩	viewing
⑷⑬⑶⒌	vigour
⑷⒂⑪⒌	viler
⑷⑬⑪⑯	villa
⑷⒂⑿⑹	vines
⑷⒀⑿⒄	vino
⑷⒂①⒌	viper
⑷⒋②⒅	virtu
⑷⒋⑧⒅	virtue
⑷⒀⑹⑯	visa
⑷⒂⑹⒌	visor
⑷⒀②⒂	vitae
⑷⒂⑷⑯	viva
⑷⑬⑹⒍	vizier
⑷⒄⑶⑹	vogues
⑷⒆⑥②	voiced
⑷⒆⑵⑹	voids
⑷⒄⑪⑹	voles
⑷⑰⑪⑬	volley
⑷⑰⑪⑹	vols
⑷⒄⑪②	volt
⑷⒅⑵⒅	voodoo
⑷⒄②⒌	voter
⑷⒄②⑥	votes
⑷⑲⑧②	vouched
⑷⑲⑧⒌	voucher
⑷⑲⑯⑪	vowel
⑷⑲⑬⑩	vowing
⑷⑰③⑥	vox
⑷⒆⑬⑻	voyage
⑷⒂⑬⑩	vying
⑼⒁⑵⒌	wader
⑼⒁⑵⑹	wades
⑼⑰⑵⑬	wadi
⑼⑰⑵⑹	wads
⑼⒁④⒌	wafer
⑼⑰④②	waft
⑼⒁⑻⑵	waged
⑼⒁⑻⒌	wager
⑼⑮⑶⑵	wagged
⑼⑮⑶⑹	wags
⑼⒁④⑥	waifs
⑼⒁⑪⑵	wailed
⑼⒁⑪⑹	whales
⑼⒁⑿⑹	wanes
⑼⒁⑥②	waste
⑼⒁②⒌	waiter
⑼⒁②⑥	weights
⑼⒁⑷⑵	waved
⑼⒁⑷⒌	waiver
⑼⒁⑷⑹	waves
⑼⒁③②	waked
⑼⒁③⑥	wakes
⑼⒇③②	walked
⑼⒇③⒌	walker
⑼⒇③⑥	walks
⑼⑰⑪⑯	wallah
⑼⒇⑪⑵	walled
⑼⑰⑪⒄	wallow
⑼⒇⑪⑹	walls
⑼⑰⑿⑵	wand
⑼⒁⑿⑵	waned
⑼⑮⑩③	wank
⑼⑰⑿⑯	wanna
⑼⑰⑿⒌	wanner
⑼⑰⑿②	want
⑼⒉⑵⒌	warder
⑼⒉⑵⑹	wards
⑼⒉④⒊	warfare
⑼⒊⑬⒌	warier
⑼⒊⑬⑩	wearing
⑼⒉⑫⑵	warmed
⑼⒉⑫⒌	warmer
⑼⒉⑫⑹	warms
⑼⒉⑫⑤	warmth
⑼⒉⑿⑵	warned
⑼⒉⑿⑹	warns
⑼⒉①②	warped
⑼⒉①⑥	warps
⑼⒉⑬⑩	warring
⑼⑰⑾⒍	warrior
⑼⒉②⑥	warts
⑼⑰⑦②	washed
⑼⑰⑦⒌	washer
⑼⑰⑦⑬	washy
⑼⑰⑥①	wasp
⑼⑰⑧②	watched
⑼⑰⑧⒌	watcher
⑼⒇②⒌	water
⑼⑰②⑥	watts
⑼⒁⑷⑬	wavy
⑼⑮③⑥	wax
⑼⒁⑪⒁	waylay
⑼⒀③⒌	weaker
⑼⒀⑪⑵	wheeled
⑼⒀⑪⑹	wheels
⑼⑭⑪⑤	wealth
⑼⒀⑿⑵	weaned
⑼⒀⑿⑹	weans
⑼⒊⒌⑹	wearers
⑼⒍⑬⑵	wearied
⑼⒍⑬⒌	wearier
⑼⒍⑬⑹	wearies
⑼⑭⑸⒌	whether
⑼⒀⑷⒌	weaver
⑼⒀⑷⑹	weaves
⑼⑭⑴⑵	webbed
⑼⑭⑴⑹	webs
⑼⑭⑻⑵	wedged
⑼⑭⑵⑹	weds
⑼⒀⑵⑹	weeds
⑼⒀⑵⑬	weedy
⑼⒀⑬⑩	weeing
⑼⒀③⑥	weeks
⑼⒀⑿⑬	weeny
⑼⒀①⑥	weeps
⑼⑭④②	weft
⑼⒁⑬⑩	weighing
⑼⒁②⑬	weighty
⑼⒍⑵⒌	weirder
⑼⒍⑵⑬	weirdie
⑼⑭⑪⑵	welled
⑼⑭⑪⑹	wells
⑼⑭⑪⑦	welsh
⑼⑭⑪②	welt
⑼⑭⑿⑧	wench
⑼⑭⑿⑵	wend
⑼⑭⑿⑹	wens
⑼⑭⑿②	went
⑼⑭①②	wept
⑼⒋⑿②	weren't
⑼⑭⑥②	west
⑼⑭②⑥	wets
⑼⑭②⒌	wetter
⑼⑮③②	whacked
⑼⑮③⒌	whacker
⑼⒁⑪⒌	whaler
⑼⑮⑩⑵	whanged
⑼⑮⑩⑹	whangs
⑼⒉④⑥	wharfs
⑼⒉⑷⑹	wharves
⑼⑰②⒊	whate'er
⑼⒀⑹⑵	wheezed
⑼⒀⑹⑬	wheezy
⑼⑭⑪③	whelk
⑼⑭⑪①	whelp
⑼⑭⑿⑥	whence
⑼⒊⑮⑹	whereas
⑼⒊⑮②	whereat
⑼⒊⑴⒂	whereby
⑼⒊④⒉	wherefore
⑼⒊⑬⑿	wherein
⑼⒊⑰⑷	whereof
⑼⒊⑰⑿	whereon
⑼⒊②⒅	whereto
⑼⑭⑾⑬	wherry
⑼⑬④⑥	whiffs
⑼⑬⑶⑹	whigs
⑼⒂⑪⑵	wild
⑼⒂⑪⑹	wiles
⑼⑬⑫⑹	whims
⑼⒂⑿⑵	wind
⑼⒂⑿⒌	whiner
⑼⒂⑿⑹	wines
⑼⑬⑿⑬	whinny
⑼⑬①②	whipped
⑼⑬①⑬	whippy
⑼⑬①⑥	whips
⑼⒋⑪⑵	world
⑼⒋⑪⑹	whorls
⑼⒋⑬⑩	whirring
⑼⑬⑥③	whisk
⑼⑬⑥②	whist
⑼⒂②⒌	whiter
⑼⒂②⑥	whites
⑼⑬⑸⒌	wither
⑼⑬②⑥	wits
⑼⑬⑹⑵	whizzed
⑼⑱①⑬	whoopee
⑼⑰①②	whopped
⑼⑰①⒌	whopper
⑼⑰①⑥	whops
⑽⒅⑥⒄	whoso
⑼⑬③⒌	wicker
⑼⑬③⑥	wicks
⑼⒂⑵⒌	wider
⑼⑬⑵⒄	widow
⑼⑬⑵⑤	width
⑼⒂④⑬	wifey
⑼⑬⑶⑵	wigged
⑼⑬⑪⑵	willed
⑼⑬⑪⒄	willow
⑼⑬⑪⑹	wills
⑼⑬⑪②	wilt
⑼⒂⑪⑬	wily
⑼⑬⑿⑥	wince
⑼⑬⑿⑧	winch
⑼⑬⑿⑵	wind
⑼⑬⑩⑵	winged
⑼⑬⑩⒌	winger
⑼⑬⑩⑹	wings
⑼⑬⑩③	wink
⑼⑬⑿⒌	winner
⑼⑬⑿⒄	winnow
⑼⑬⑿⑹	wins
⑼⒂①②	wiped
⑼⒂①⒌	wiper
⑼⒂①⑥	wipes
⑼⒂⒌⑵	wired
⑼⒂⒌⑹	wires
⑼⒂⒌⑬	wiry
⑼⒂⑹⒌	wiser
⑼⑬⑦②	wished
⑼⑬⑦⒌	wisher
⑼⑬⑥①	wisp
⑼⑬⑤⑥	withes
⑼⑬⑸⑬	withy
⑼⑬②⑬	witty
⑼⒂⑷⑵	wived
⑼⒂⑷⑹	wives
⑼⒄⑪⑵	wold
⑼⑱⑪④	wolf
⑼⒅⑫⑹	wombs
⑼⒄⑿②	wont
⑼⑱⑵⑹	woods
⑼⑱⑵⑬	woody
⑼⒅⒌⑹	wooers
⑼⑱④⒌	woofer
⑼⑱④⑥	woofs
⑼⒅⑬⑩	wooing
⑼⑱⑪⑬	woolly
⑼⑱⑪⑹	wools
⑼⒋⑵⑹	words
⑼⒋⑵⑬	wordy
⑼⒋③②	worked
⑼⒋③⒌	worker
⑼⒋③⑥	works
⑼⒋⑫⑵	wormed
⑼⒋⑫⑹	worms
⑼⒋⑫⑬	wormy
⑼⒃⑾⑬	worry
⑼⒋⑥⒌	worser
⑼⒋⑥②	worst
⑼⒋⑸⑬	worthy
⑼⑲⑿⑵	wound
⑼⒅⑿⑵	wound
⑼⑲⑹⑯	wowza
⑾⒁⑤⑥	wraiths
⑾⑮①⒌	wrapper
⑾⒀⑸⑵	wreathed
⑾⒀⑸⑹	wreaths
⑾⑭③②	wrecked
⑾⑭③⒌	wrecker
⑾⑭③⑥	wrecks
⑾⑭⑿⑧	wrench
⑾⑭⑿⑹	wrens
⑾⑬⑥②	wrist
⑾⒂②⒌	writer
⑾⒂⑸⑵	writhed
⑾⒂⑸⑹	writhes
⑾⑬②⑥	writs
⑾⑰⑩⑵	wronged
⑾⑰⑩⑹	wrongs
⑾⒂⑪⑬	wryly
⑨⑰②⑥	yachts
⑨⑳⑽⒅	yahoo
⑨⑮③⑥	yaks
⑨⑮⑫⒌	yammer
⑨⑮⑫⑹	yams
⑨⑮⑩③	yank
⑨⑮①②	yapped
⑨⑮①⑥	yaps
⑨⒈⑵⑹	yards
⑨⒈⑿⑵	yarned
⑨⒈⑿⑹	yarns
⑨⑮⑾⒄	yarrow
⑨⒇⑬⑩	yawing
⑨⒇⑪⑹	yawls
⑨⒇⑿⑵	yawned
⑨⒇⑿⑹	yawns
⑨⒍⑪⑬	yearly
⑨⒋⑿⑵	yearned
⑨⒋⑿⑹	yearns
⑨⒀⑥②	yeast
⑨⑭⑪⑵	yelled
⑨⑭⑪⒄	yellow
⑨⑭⑪⑹	yells
⑨⑭⑪①	yelp
⑨⑭⑿⑵	yenned
⑨⑭⑿⑹	yens
⑨⑭②⑬	yeti
⑨⒀⑪⑵	yield
⑨⑬①⒀	yippee
⑨⑰⑴⒄	yobo
⑨⑰⑴⑹	yobs
⑨⒄⑶⑯	yoga
⑨⒄⑶⑬	yogi
⑨⒄③②	yoked
⑨⒄③⑥	yolks
⑨⑲⑪⑵	yowled
⑨⑲⑪⑹	yowls
⑨⑲⑹⑯	yowza
⑹⑭⑵⑹	z's
⑹⒁⑿⑬	zany
⑹⑮①②	zapped
⑹⑮①⑥	zaps
⑹⒀⑴⒅	zebu
⑹⑭④⒌	zephyr
⑹⒍⒄⑵	zeroed
⑹⒍⒄⑹	zeros
⑹⑭⑥②	zest
⑹⑬⑩③	zinc
⑹⑬⑿⒎	zinnia
⑹⒂⑯⑿	zion
⑹⑬①②	zipped
⑹⑬①⒌	zipper
⑹⑬①⑥	zips
⑹⑬⑸⒌	zither
⑹⒄⑿⑵	zoned
⑹⒄⑿⑹	zones
⑹⒅⑫⑵	zoomed
⑹⒅⑫⑹	zooms
⑳⑻⑬⑹	ajis
③⑮⑪⑹	cals
①⑭⑵⑬	pedi
⑾⒆⑵⑹	roids
⑹⑭⑿⑹	zens